hashtag,community,year
#1,0,2017
#geoengineering,0,2017
#srm,0,2017
#18c,3,2017
#auspol,3,2017
#coalition,3,2017
#humanrights,4,2017
#intolerance,3,2017
#newscorpse,3,2017
#renewableenergy,3,2017
#turnbull,3,2017
#2017,6,2017
#awards,6,2017
#banksia2017,6,2017
#chickens,6,2017
#cows,6,2017
#ghg,6,2017
#in,6,2017
#livestock,6,2017
#pigs,6,2017
#plantbased,6,2017
#2030agenda,0,2017
#coalition2030,0,2017
#globalgoals,0,2017
#greeneconomy,0,2017
#hlpf2017,0,2017
#ibecconf,0,2017
#pageberlin,0,2017
#worldwaterday,3,2017
#2030hivemind,0,2017
#gfi4sd,0,2017
#3,10,2017
#epa,10,2017
#30piecesofsilver,4,2017
#oil,4,2017
#oliandgas,4,2017
#pruitt's,4,2017
#usa,4,2017
#wrecktheplanet,4,2017
#coal,3,2017
#^#,14,2017
#business,15,2017
#economics,14,2017
#aaconf17,14,2017
#nexus,14,2017
#sustainable,14,2017
#wash,14,2017
#waterenergyfood,14,2017
#abcnews,3,2017
#qldpol,3,2017
#science,10,2017
#abdulkalam,14,2017
#carbonneutral,14,2017
#climatecontrol,14,2017
#earth,14,2017
#iim,14,2017
#kalam,14,2017
#cdnpoli,3,2017
#abpoli,3,2017
#divest,3,2017
#shellknewtoo,3,2017
#resist,4,2017
#accountability,15,2017
#dfis,15,2017
#globalpfd,15,2017
#aceexpedition,14,2017
#water,14,2017
#arctic,10,2017
#acsrn,15,2017
#arabiacsrnetwork,15,2017
#csr,15,2017
#happinessinsustainability,15,2017
#action,6,2017
#eatfortheplanet,6,2017
#actonclimate,3,2017
#carfreemegacities,3,2017
#carfreenyc,3,2017
#cleanenergy,3,2017
#cop21paris,3,2017
#cop22marrakech,3,2017
#dumpkm,3,2017
#fridayreads,3,2017
#groundwater,3,2017
#hope7cc,3,2017
#india’s,3,2017
#keepitintheground,3,2017
#nodapl,3,2017
#nokxl,3,2017
#risks,15,2017
#saveourfuture,3,2017
#visionzero,3,2017
#waterislife,3,2017
#wutv,3,2017
#ecosystems,3,2017
#solar,3,2017
#adventure,6,2017
#disability,6,2017
#hillwalking,6,2017
#outdoors,6,2017
#scotland,6,2017
#aesthetics,14,2017
#artful,14,2017
#design,14,2017
#globaldev,6,2017
#localgov,4,2017
#ag,6,2017
#agri,6,2017
#agribusiness,6,2017
#agriculture,6,2017
#agritech,6,2017
#agtech,6,2017
#edu,6,2017
#education,0,2017
#env,6,2017
#food,6,2017
#pulses,6,2017
#seeds,6,2017
#agenda2030,0,2017
#agenda21,0,2017
#albania,0,2017
#aruba,0,2017
#bangkok,0,2017
#deaci,0,2017
#dezhi,0,2017
#ffd,0,2017
#futuregeneration,0,2017
#sdgaruba,0,2017
#shkodra,0,2017
#thailand,0,2017
#un's,0,2017
#applynow,15,2017
#global,6,2017
#monsanto,6,2017
#startups,15,2017
#systems,6,2017
#agribusinesstalk254,6,2017
#foodsecurity,6,2017
#benin,6,2017
#countryside,6,2017
#cropland,6,2017
#farmers,6,2017
#farmland,6,2017
#field,6,2017
#flora,6,2017
#foodinnovation,6,2017
#foodtech,6,2017
#growth,6,2017
#landscape,6,2017
#mooc,6,2017
#nutrition,6,2017
#pasture,6,2017
#productivity,6,2017
#rural,6,2017
#season,6,2017
#sky,6,2017
#smallholder,6,2017
#tree,6,2017
#vaccines,6,2017
#biodegradable,14,2017
#packaging,6,2017
#urbanag,6,2017
#urbanfarming,6,2017
#vc,6,2017
#verticalfarming,6,2017
#environmentalhealth,15,2017
#renewables,3,2017
#airtravel,3,2017
#flying,3,2017
#future,3,2017
#nhs,3,2017
#virgin,3,2017
#alaska,10,2017
#animals,10,2017
#artifacts,10,2017
#bears,10,2017
#humanity,10,2017
#hunting,10,2017
#pebblemine,10,2017
#republicans,4,2017
#wolves,10,2017
#alternativefacts,0,2017
#ca34,0,2017
#lies,0,2017
#logic,0,2017
#saveourplanet,0,2017
#trump,3,2017
#altfacts,10,2017
#pollutingpruitt,10,2017
#altnps,4,2017
#publiclands,4,2017
#america,14,2017
#inheritance,14,2017
#innovation,15,2017
#kid,14,2017
#kidpower,14,2017
#lawsuit,14,2017
#mercer,10,2017
#resilience,15,2017
#security,15,2017
#simplified,14,2017
#strength,15,2017
#american,3,2017
#defense,3,2017
#voiceofreason,3,2017
#america’s,14,2017
#family,14,2017
#farm,14,2017
#organic,14,2017
#amjoy,4,2017
#brexitday,4,2017
#donaldtrump,4,2017
#maga,4,2017
#progressive,4,2017
#theresistance,4,2017
#vietnamveteransday,4,2017
#wednesdaywisdom,4,2017
#andes,15,2017
#peru,15,2017
#sdc,15,2017
#animalcruelty,10,2017
#govegan,10,2017
#moviesthatstink,10,2017
#animalfarming,10,2017
#cheese,10,2017
#dairy,10,2017
#healthydiet,10,2017
#milk,10,2017
#people,10,2017
#animalrights,10,2017
#march,10,2017
#oceans,10,2017
#ttip,10,2017
#banning,10,2017
#bees,10,2017
#endageredspecies,10,2017
#pesticide,10,2017
#plant,14,2017
#save,14,2017
#scottpruitt,10,2017
#sued,10,2017
#vegan,10,2017
#antarctic,10,2017
#antarctica,10,2017
#antifa,4,2017
#gopfascists,4,2017
#grabyourwallet,4,2017
#staywoke,4,2017
#womensmarch,4,2017
#anyone,0,2017
#entire,0,2017
#hoax,0,2017
#platform,0,2017
#apfsd,10,2017
#policy,10,2017
#arkhangelsk,10,2017
#blackcarbon,10,2017
#fish,10,2017
#methane,3,2017
#permafrost,10,2017
#phytoplankton,10,2017
#savethearctic,10,2017
#seaice,10,2017
#signmaps,10,2017
#stem,10,2017
#arctic's,10,2017
#music,6,2017
#photography,14,2017
#asian,4,2017
#cruelty,4,2017
#leathertrade,4,2017
#atsocialmedia,15,2017
#corpgov,15,2017
#attorneys,15,2017
#economies,15,2017
#litechnews,15,2017
#attrex,10,2017
#tropopause,10,2017
#ausbeef,10,2017
#environmental,10,2017
#ausbiz,3,2017
#ausmedia,3,2017
#ausvotes,3,2017
#fossilfuels,3,2017
#wind,3,2017
#csg,3,2017
#energy,3,2017
#energysecurity,3,2017
#greens2017,3,2017
#hazelwood,3,2017
#heatwave2017,3,2017
#housing,3,2017
#insiders,3,2017
#jobs,3,2017
#joho,3,2017
#lnp,3,2017
#marriageequality,3,2017
#msr,3,2017
#nuclear,3,2017
#perth,3,2017
#population,3,2017
#sanuclear,3,2017
#savethereef,3,2017
#southaustralia,3,2017
#stopadani,3,2017
#thorium,3,2017
#uranium,3,2017
#wapol,3,2017
#welfare,3,2017
#banks,3,2017
#ausyouth,0,2017
#changemakers,0,2017
#empower,0,2017
#ignite,0,2017
#inspire,0,2017
#youngleaders,0,2017
#automation,15,2017
#localcontent,15,2017
#mining,15,2017
#pdac2017,15,2017
#autumn,6,2017
#winsummer,6,2017
#autumnstatement,3,2017
#budget2017,3,2017
#aviva,15,2017
#ceo,15,2017
#econsustainability,15,2017
#awareness,14,2017
#cleanliving,14,2017
#eco,14,2017
#unprocessed,14,2017
#wastemanagement,15,2017
#bangladesh,6,2017
#bmgf,6,2017
#icrisat_happenings,6,2017
#banwar,15,2017
#foreignpolicy,15,2017
#law,15,2017
#nonukes,15,2017
#npt,15,2017
#nuclearban,15,2017
#weapons,15,2017
#wmds,15,2017
#bcelxn17,3,2017
#bclng,3,2017
#bcpoli,3,2017
#bcorp,15,2017
#bc’s,3,2017
#chill,3,2017
#ecnomics,3,2017
#electgreens,3,2017
#gmg4c,3,2017
#kindermorgan,3,2017
#miningspill,3,2017
#notankers,3,2017
#pulltogether,3,2017
#reefs,3,2017
#sealevelrise,3,2017
#stopkm,3,2017
#beachfrontproperty,4,2017
#iowa,4,2017
#kids,6,2017
#polar,10,2017
#love,14,2017
#beboldforchange,0,2017
#equality,0,2017
#fearlesswomen,0,2017
#goal5,0,2017
#internationalwomensday,0,2017
#iwd2017,0,2017
#pacific,0,2017
#women,4,2017
#womensday,0,2017
#becounted,0,2017
#csw61,0,2017
#pollinators,10,2017
#beinconvenient,4,2017
#climatecrisis,4,2017
#ourfuture,4,2017
#wedonthavetime,4,2017
#belgium,0,2017
#worldhealthday,0,2017
#belomonte's,4,2017
#belosun,4,2017
#canadian,4,2017
#fpic,4,2017
#mine,4,2017
#bernie2020,4,2017
#independants,4,2017
#masa,4,2017
#medicare4all,4,2017
#seniors,4,2017
#vets,4,2017
#indigenous,3,2017
#bethechange,3,2017
#chase,3,2017
#justdoit,3,2017
#resistcapitalism,3,2017
#betterbristol,0,2017
#community,0,2017
#bgb17,14,2017
#socent,14,2017
#socialimpact,14,2017
#bicycle,0,2017
#copenhagen,0,2017
#bildung,0,2017
#edchatde,0,2017
#flippedlearning,0,2017
#billionaireclass,4,2017
#feelthebern,4,2017
#mealsonwheels,4,2017
#melaniatrump,4,2017
#pbs,4,2017
#resistance,4,2017
#war,4,2017
#earthofficial,14,2017
#ecofashion,14,2017
#fashion,14,2017
#gogreen,10,2017
#handmade,14,2017
#hemp,14,2017
#saveearth,14,2017
#savemotherearth,14,2017
#savetrees,14,2017
#streetwear,14,2017
#style,14,2017
#sustainablefashion,14,2017
#vetry,14,2017
#womensfashion,14,2017
#gdp,14,2017
#justice,10,2017
#biotech,15,2017
#biz,15,2017
#ethics,15,2017
#ungps,15,2017
#wbcsd_ceoguide,15,2017
#bizhumanrights,15,2017
#elsalvador,15,2017
#la17,15,2017
#metalmining,15,2017
#watersupply,15,2017
#blacklivesmatter,4,2017
#demforce,4,2017
#lovetrumpshate,4,2017
#taxmarch,4,2017
#board,15,2017
#cfo,15,2017
#esg,15,2017
#susty,15,2017
#bokoharam,14,2017
#chad,14,2017
#lakechad,14,2017
#bookboost,4,2017
#fast,4,2017
#iartg,4,2017
#mustread,4,2017
#thriller,4,2017
#borderwall,3,2017
#deportation,3,2017
#healthcare,3,2017
#whitesupremacist,3,2017
#boston,3,2017
#leaderlab,3,2017
#mapoli,3,2017
#bottleflipchallenge,3,2017
#flipclimatechange,3,2017
#boycottpepsi,6,2017
#green,6,2017
#pepsi,6,2017
#boycotttrump,4,2017
#fakenews,4,2017
#gop,4,2017
#indivisible,4,2017
#muslimban,4,2017
#womanshour,4,2017
#branding,15,2017
#history,15,2017
#imat,15,2017
#softskills,15,2017
#brisbane,14,2017
#humanright,14,2017
#wsfb2017,14,2017
#britishcolumbia,10,2017
#brooklandsradio,15,2017
#brooklyn,6,2017
#envjustice,6,2017
#event,6,2017
#performances,6,2017
#budget,3,2017
#solarenergy,14,2017
#solarpower,3,2017
#life,14,2017
#energymanagement,15,2017
#home,15,2017
#humanitarian,15,2017
#metrics,15,2017
#partnership,15,2017
#startup,15,2017
#strategy,15,2017
#sustfash,15,2017
#tourism,15,2017
#learn,6,2017
#canada's,4,2017
#canberra,0,2017
#goal3,0,2017
#healthynothungry,0,2017
#sdg3,0,2017
#cancer,10,2017
#earthhour2017,3,2017
#impinv,15,2017
#carbondioxide,6,2017
#hundred,6,2017
#old,6,2017
#protect,6,2017
#year,6,2017
#carbonpower,3,2017
#ghgplatformindia,3,2017
#cars,14,2017
#electric,14,2017
#ev,14,2017
#porsche,14,2017
#speed,14,2017
#tesla,14,2017
#casestudies,15,2017
#ccls17,14,2017
#physics,14,2017
#politics,14,2017
#ccs,4,2017
#darkmoney,4,2017
#defundkxl,4,2017
#defundxl,3,2017
#distraction,3,2017
#fnpoli,3,2017
#go100re,3,2017
#keystonepipeline,3,2017
#keystonexl,4,2017
#koch,4,2017
#kochbrothers,4,2017
#obamacare,3,2017
#oilsands,3,2017
#onpoli,3,2017
#peopleoverprofit,4,2017
#putsolaronit,3,2017
#sciencemarch,10,2017
#snl,3,2017
#swampcabinet,4,2017
#tarsands,3,2017
#trumpcare,3,2017
#uspoli,3,2017
#windpower,3,2017
#ceraweek,3,2017
#cop21,3,2017
#cgcs17,15,2017
#planet,14,2017
#savetheplanet,10,2017
#charity,6,2017
#chemicals,0,2017
#oecd,0,2017
#choithraminternational's,6,2017
#ib,6,2017
#pyp,6,2017
#savewater,6,2017
#schools,6,2017
#circulareconomy,14,2017
#create2,14,2017
#maine,14,2017
#pushingboundaries,14,2017
#reuse,14,2017
#suppliers,14,2017
#citizenship,6,2017
#responsibility,6,2017
#civictech,14,2017
#latinamerica,14,2017
#facebook,3,2017
#cleanairnow,3,2017
#fuel,3,2017
#hydrogen,3,2017
#morocco,3,2017
#sustainablity,3,2017
#cleanpowerplan,10,2017
#eo,10,2017
#cleantech,15,2017
#crowdifynews,3,2017
#domainnames,15,2017
#ecovation2017,15,2017
#greentech,15,2017
#nlenviro,15,2017
#smartgrid,15,2017
#flintwatercrisis,3,2017
#saveepa,3,2017
#climat,15,2017
#climatecentral,10,2017
#climateemergency,3,2017
#greenenergyjobs,3,2017
#riseup,3,2017
#townhall,3,2017
#climaterisk,3,2017
#epcc17,3,2017
#immigration,3,2017
#climatescience,10,2017
#tuesdaymotivation,10,2017
#climatetech,15,2017
#closedloop,14,2017
#clothing,0,2017
#humanities7,0,2017
#tbt,0,2017
#thetruecost,0,2017
#whomademyclothes,0,2017
#peace,14,2017
#denmark,3,2017
#gas,3,2017
#p,3,2017
#utah,3,2017
#utleg,3,2017
#involveyouth,0,2017
#wonderful,0,2017
#coaljobs,14,2017
#coasts,3,2017
#coatings,6,2017
#ecs2017,6,2017
#nanotechnology,6,2017
#cocacola,14,2017
#flowers,14,2017
#recycledfashion,14,2017
#colbert,10,2017
#frackoff,3,2017
#twitter,15,2017
#colorado,10,2017
#mystery,10,2017
#trump’s,10,2017
#uniteblue,10,2017
#doncasterisgreat,0,2017
#feedbelliesnotbins,0,2017
#molokai,0,2017
#nepal,0,2017
#payasyoufeel,0,2017
#rsvpd,0,2017
#surplus,0,2017
#volunteer,0,2017
#volunteering,0,2017
#worktogether,0,2017
#compliance,15,2017
#congestion,3,2017
#consumption,3,2017
#smartmobility,3,2017
#traffic,3,2017
#nonprofit,10,2017
#coolmomentum,10,2017
#earthday,10,2017
#earthtoparis,3,2017
#denmark's,0,2017
#international,0,2017
#kate_is_rising,0,2017
#coralreef,10,2017
#eosg,10,2017
#corals,10,2017
#cork,14,2017
#custom,14,2017
#spring,14,2017
#thecorkhouse,14,2017
#wino,14,2017
#regeneration,15,2017
#greenbonds,15,2017
#proxy,15,2017
#corrupt,10,2017
#mankind,10,2017
#themissionmatters,10,2017
#indonesia,4,2017
#cotton,14,2017
#craft,14,2017
#diy,14,2017
#repurpose,14,2017
#cropdiversity,15,2017
#ecosystemservices,15,2017
#soilecr17,15,2017
#crownhillwoods,10,2017
#indiana,10,2017
#indianapolis,10,2017
#protest,10,2017
#dubai,15,2017
#ebikes,15,2017
#ecobuild,15,2017
#plumbers,15,2017
#sharedvalue,0,2017
#triplepundit,15,2017
#deliverforgood,0,2017
#investingirls,0,2017
#un4youth,0,2017
#svagtech17,10,2017
#dapl,4,2017
#jointsession,4,2017
#defendourfuture,10,2017
#electricalengineering,14,2017
#engineering,14,2017
#wales,14,2017
#destinations,3,2017
#indians,3,2017
#nativeamerican,3,2017
#rez,3,2017
#didyouknow,14,2017
#unsdi,14,2017
#watercrisis,14,2017
#dilemma,15,2017
#exxonknew,3,2017
#fossilfree,3,2017
#earth's,4,2017
#fakepresident,4,2017
#usbudget,4,2017
#donthecon,10,2017
#drdyanhj,14,2017
#money,14,2017
#sun,14,2017
#drugs,4,2017
#endaids,4,2017
#hiv,4,2017
#leavingnoonebehind,4,2017
#zerodiscrimination,4,2017
#dumptrump,10,2017
#notmypresident,10,2017
#empathy,14,2017
#globalcitizen,0,2017
#healthy,14,2017
#imwithher,14,2017
#seasons,14,2017
#thegreenparty,14,2017
#unep,14,2017
#unity,14,2017
#guelphwellingtonrealestate,10,2017
#homesales,10,2017
#mothernature,10,2017
#obama,10,2017
#pets,10,2017
#potus45,10,2017
#realtors,10,2017
#retail,10,2017
#syrianrefugees,10,2017
#tntweeters,10,2017
#lovetheplanet,15,2017
#yqr,15,2017
#eaucconf17,10,2017
#ebvisitnepal,0,2017
#ecohour,10,2017
#edf,14,2017
#epacuts,14,2017
#ethicallymade,14,2017
#greenliving,6,2017
#luminouswhites,14,2017
#luxury,10,2017
#necklace,14,2017
#socialgood,14,2017
#wny,14,2017
#ecohomes,3,2017
#passivehaus,3,2017
#solarpanels,10,2017
#generation,3,2017
#thermal,3,2017
#edd17,0,2017
#eudev,0,2017
#healtcare,0,2017
#pcma,0,2017
#saceos,0,2017
#sdg5,4,2017
#sgds,0,2017
#waelection,0,2017
#edutainment,6,2017
#entertainment,6,2017
#vancouver,6,2017
#efficient,14,2017
#electricvehicles,14,2017
#general,14,2017
#tbli,14,2017
#elnino,15,2017
#liberal,15,2017
#moonbeam,15,2017
#moron,15,2017
#thread,15,2017
#gold,15,2017
#mininglaw,15,2017
#lifestyle,6,2017
#raw,6,2017
#endpoverty,0,2017
#inclusionmatters,0,2017
#sdgadvocates,0,2017
#endwaste,0,2017
#ev's,3,2017
#forecasts,3,2017
#fossilfuel,3,2017
#genomics,3,2017
#jgi2017,3,2017
#microsoft,3,2017
#mondaymotivation,3,2017
#philadelphia,3,2017
#pv,3,2017
#renewable,3,2017
#seforallforum,3,2017
#solarchat,3,2017
#enviromental,3,2017
#environmentaljustice,15,2017
#fool,10,2017
#morintoon,10,2017
#nj,10,2017
#savetheepa,10,2017
#trumpcuts,10,2017
#trumpocalypse,10,2017
#resources,0,2017
#equalitymatters,4,2017
#genderpaygap,4,2017
#heforshe,4,2017
#undp,4,2017
#esd,0,2017
#gced,0,2017
#unescoweeked,0,2017
#impactinvesting,15,2017
#investing,15,2017
#investment,14,2017
#sri,15,2017
#esj,10,2017
#ethical,14,2017
#uniform,14,2017
#lfw,15,2017
#mfw,15,2017
#nyfw,15,2017
#pfw,15,2017
#success,15,2017
#eucalyptus,14,2017
#flower,14,2017
#wildoz,14,2017
#executiveorder,4,2017
#extrapreneurship,0,2017
#iwd,0,2017
#nigeriastartswithme,0,2017
#exxon,4,2017
#lastword,4,2017
#maddow,4,2017
#msnbc,4,2017
#secretaryofstate,4,2017
#tillerson,4,2017
#exxonmobil,3,2017
#fact,6,2017
#facteu,6,2017
#savemoney,6,2017
#factoryfarm,10,2017
#wescrewedcolorado,4,2017
#tshirt,14,2017
#fashionrevolution,0,2017
#feedly,4,2017
#fertilizer,14,2017
#nutrient,14,2017
#rivers,14,2017
#financialinclusion,0,2017
#women's,0,2017
#florida,15,2017
#northcarolina,15,2017
#onaworldtrip,14,2017
#traveltoknow,14,2017
#foodblogger,6,2017
#ij,6,2017
#mba,6,2017
#healthyfood,6,2017
#overpopulation,3,2017
#pollutionfreepolitics,3,2017
#training,6,2017
#freeaccess,15,2017
#fta,10,2017
#whales,10,2017
#whaling,10,2017
#fueleconomy,4,2017
#futureoffood,15,2017
#plantpower,15,2017
#gender,6,2017
#laos,6,2017
#skills,6,2017
#undg,6,2017
#women2030,6,2017
#youthempowerment,4,2017
#genocide,4,2017
#westpapua,4,2017
#opchempba,0,2017
#ges2017,4,2017
#womenempowerment,4,2017
#globalhealth,0,2017
#globalisation,0,2017
#joyfulleaders,0,2017
#teachsdgs,0,2017
#kosovo,6,2017
#msc2017,6,2017
#greenbuildings,0,2017
#happinessday,0,2017
#hdr2016,0,2017
#iaeg,0,2017
#leavenoonebehind,0,2017
#ncds,0,2017
#oecdgfd,0,2017
#sdgsinnepal,0,2017
#swachhbharat,0,2017
#theafricawewant,0,2017
#theafrikanlegacy,0,2017
#tobacco,0,2017
#youthforafrica,0,2017
#youthforchange,0,2017
#youthnow,0,2017
#gocoop,10,2017
#livegreen,10,2017
#recipes,10,2017
#vegetarian,10,2017
#goodnewsin5words,14,2017
#leaves,6,2017
#littering,6,2017
#naturelover,6,2017
#naturephoto,6,2017
#naturephotography,6,2017
#oilspills,6,2017
#thephotohour,6,2017
#greenroof,3,2017
#greenspace,3,2017
#sustainia100,3,2017
#guelph,3,2017
#renewablecitysunday,3,2017
#habitatiii,15,2017
#hellexpanding,10,2017
#sustdev,0,2017
#stayinformedcc,3,2017
#http,4,2017
#unwomen,4,2017
#hydro,3,2017
#hydrologic,14,2017
#sciencesunday,14,2017
#iceland,15,2017
#ict,0,2017
#learning,0,2017
#modernedu,0,2017
#practice,0,2017
#systemtransformation,0,2017
#icymi,10,2017
#saturdaymorning,10,2017
#ideas,6,2017
#learnclimate,6,2017
#illinois,3,2017
#investinhaiti,15,2017
#socimp,15,2017
#infographic,6,2017
#wasexo,6,2017
#infrastructure,4,2017
#scotus,4,2017
#intersleek21,15,2017
#plasticsrecycling2017,3,2017
#thankyou,15,2017
#sustainableenergy,0,2017
#womeninenergy,0,2017
#yeswecan,14,2017
#sac17,10,2017
#itsreal,10,2017
#oecdrbc,0,2017
#jointcongress,4,2017
#journey,14,2017
#judiciary,15,2017
#respect,10,2017
#keepitinthegroud,3,2017
#ocetisakowin,3,2017
#standingstrong,3,2017
#mniwiconi,3,2017
#purification,4,2017
#lakechadbasin,14,2017
#unsc,14,2017
#youth4climate,6,2017
#malware,15,2017
#localelections,3,2017
#tory,3,2017
#yourvotematters,3,2017
#louisiana,15,2017
#peace4all,14,2017
#savethepolarbear,14,2017
#stepstoreverseclimatechange,4,2017
#makeithappen,0,2017
#maturity,3,2017
#mayan,10,2017
#yucatan,10,2017
#zero,10,2017
#mena,14,2017
#tunisia,14,2017
#rebekah,10,2017
#militarism,4,2017
#mobilize,0,2017
#mtpol,3,2017
#mudslides,4,2017
#payattention,4,2017
#peopledying,4,2017
#stopburningoil,4,2017
#weareresponsible,4,2017
#syriastrikes,4,2017
#nc,4,2017
#neverthelessshepersisted,3,2017
#nonprofits,3,2017
#seedsandchips,10,2017
#wcph2017,10,2017
#wiretap,10,2017
#uslatino,10,2017
#risingseas,0,2017
#youth,14,2017
#youthgps,14,2017
#photographs,4,2017
#quantocks,4,2017
#planting,6,2017
#princetonu,3,2017
#prize,3,2017
#zfep2018,3,2017
#yourpubliclands,4,2017
#realchange,4,2017
#recs,3,2017
#singapore,3,2017
#unt,3,2017
#wemeangreen,3,2017
#windenergy,3,2017
#saynotocoal,3,2017
#worldpoetryday,4,2017
#sandiego,0,2017
#thankyoutrump,10,2017
#sciencenews,10,2017
#sunpower,3,2017
#texas,3,2017
#whenstatesjoin,4,2017
#treefacts,6,2017
#utpol,3,2017
#waterstocks,3,2017
#womensday2017,0,2017
#대한민국,4,2017
#renewables,2,2018
#1404,3,2018
#durolast,3,2018
#globe2018,3,2018
#globeforum,3,2018
#roofing,4,2018
#vancity,3,2018
#winner,3,2018
#15andfairness,2,2018
#canlab,2,2018
#cdnpoli,2,2018
#defendthewater,2,2018
#indigenousrights,2,2018
#kindermorgan’s,2,2018
#stopkm,2,2018
#undrip,2,2018
#17march,5,2018
#coalition2030,5,2018
#globalgoals,5,2018
#gogreen4sdgs,5,2018
#stpatricksday2018,5,2018
#actonclimate,2,2018
#esg,5,2018
#2030,11,2018
#fao,11,2018
#poverty,12,2018
#reading,11,2018
#unitednations,11,2018
#2030agenda,4,2018
#accelerators,4,2018
#advocacy,4,2018
#africa,5,2018
#agroecology,4,2018
#complexity,12,2018
#datacollection,4,2018
#datarevolution,5,2018
#development,12,2018
#farm,4,2018
#food,4,2018
#foodsecurity,4,2018
#iap,4,2018
#latvia,4,2018
#lib4dev,4,2018
#librarians,4,2018
#localization,4,2018
#mauritius,4,2018
#nutrition,4,2018
#oecdgfd,4,2018
#ruralwomen,4,2018
#sdg16,5,2018
#sdg7,5,2018
#tonga,4,2018
#un49sc,5,2018
#undernutrition,4,2018
#unfao,4,2018
#vulnerable,4,2018
#womensempowerment,4,2018
#zerohunger,4,2018
#2030now,5,2018
#malaria,5,2018
#health,17,2018
#csr,5,2018
#404,4,2018
#419,17,2018
#society,17,2018
#innovation,12,2018
#family,3,2018
#5g,2,2018
#communities,2,2018
#connectingcommunities,2,2018
#energy,2,2018
#smartmobility,2,2018
#aaas,12,2018
#climatefacts,12,2018
#science,12,2018
#ab,2,2018
#bcpoli,2,2018
#climateaction,2,2018
#onpoli,2,2018
#sk,2,2018
#yyc,2,2018
#aberdeen,3,2018
#ecoart,3,2018
#ableg,2,2018
#abpoli,2,2018
#calgary,2,2018
#edmonton,2,2018
#kindermorgan,2,2018
#maritimes,2,2018
#medhat,2,2018
#pipelines,2,2018
#quebec,2,2018
#transmountain,2,2018
#ucp,2,2018
#yqr,2,2018
#yvr,2,2018
#yyj,2,2018
#sea,3,2018
#blackfish,2,2018
#fossilfuels,2,2018
#mniwiconi,11,2018
#nokxl,2,2018
#notankers,2,2018
#petrostate,2,2018
#protectthepacific,2,2018
#tarsands,2,2018
#trudeau’s,2,2018
#wapoli,2,2018
#waterislife,2,2018
#whales,2,2018
#abpse,4,2018
#agriculture,4,2018
#landagent,4,2018
#ocpreview,4,2018
#abstract,17,2018
#atee2018,17,2018
#changes,17,2018
#conference,17,2018
#criticalcitizenship,17,2018
#education,12,2018
#socialinclusion,17,2018
#teachereducators,17,2018
#teachers,12,2018
#renewableenergy,2,2018
#accelerator,5,2018
#east,5,2018
#female,5,2018
#mena,5,2018
#middle,5,2018
#north,5,2018
#rcreee,5,2018
#sdg5,5,2018
#women_monday,5,2018
#womentum,5,2018
#inclusion,12,2018
#acchat,12,2018
#currentlyreading,12,2018
#ecology,12,2018
#envchat,12,2018
#whatimreading,12,2018
#everylifematters,17,2018
#globalgoal3,17,2018
#kigali,17,2018
#sdgcafrica,17,2018
#aceh,11,2018
#bandaaceh,11,2018
#indonesia,11,2018
#lifebelowwater,11,2018
#lifeonland,11,2018
#savetheclimate,11,2018
#savetheworld,11,2018
#thelifebehindus,11,2018
#peace,12,2018
#worldpeace,12,2018
#act4sdgs,5,2018
#bonn,5,2018
#dabbdg,5,2018
#dabbdg2018,5,2018
#donateabooktobadagry,5,2018
#mbmf,5,2018
#mybadagrystory,5,2018
#sdg4,5,2018
#sdgglobalfest,5,2018
#sdgs4all,5,2018
#thinksolutions,5,2018
#youthforglobalgoals,5,2018
#citiesipcc,2,2018
#protection,3,2018
#solar,2,2018
#sustainabledevelopmentgoals,5,2018
#action2020,12,2018
#leadership,12,2018
#action4sdgske,5,2018
#actonsdgske,5,2018
#sdgs5and8,5,2018
#actionresearch,12,2018
#mbas,12,2018
#batteries,2,2018
#climateaccords,2,2018
#climateclever,2,2018
#climatedenial,2,2018
#climateleadership,2,2018
#cop21,2,2018
#corals,2,2018
#donny,2,2018
#elxn43,2,2018
#emissions,2,2018
#energyefficiencystandard,2,2018
#flitedocnm,2,2018
#futuretech,2,2018
#greenrevolution,2,2018
#housing,2,2018
#keepitintheground,2,2018
#lithium,2,2018
#manganese,2,2018
#mcv,2,2018
#nature,3,2018
#nodapl,2,2018
#nuclear,2,2018
#plantacoral,2,2018
#protecttheinlet,2,2018
#publicsafety,2,2018
#republicans,2,2018
#saveouroceans,2,2018
#security,12,2018
#senca,2,2018
#stopline3,2,2018
#tech,2,2018
#technology,12,2018
#thursdaythought,2,2018
#teachsdgs,5,2018
#actorslife,3,2018
#happy,3,2018
#actpermafest,4,2018
#canberraevents,4,2018
#cbr,4,2018
#organic,4,2018
#permaculture,4,2018
#wearecbr,4,2018
#acw2018,5,2018
#africaclimateweek,5,2018
#climatejustice,5,2018
#climatewednesday,5,2018
#cop24,5,2018
#gcforum18,5,2018
#greenfinance,5,2018
#investoraction,5,2018
#megatrends,5,2018
#responsibleinvestment,5,2018
#volatility,5,2018
#youth,5,2018
#climatefinance,5,2018
#dyk,4,2018
#eba,4,2018
#addisababa,5,2018
#african,5,2018
#ldc,5,2018
#adriatic,3,2018
#country,3,2018
#croatia,3,2018
#explore,3,2018
#heritage,3,2018
#hiking,3,2018
#istria,3,2018
#life,3,2018
#photography,3,2018
#picture,3,2018
#travel,3,2018
#walking,3,2018
#adventure,3,2018
#artania,3,2018
#forest,3,2018
#kidlit,3,2018
#tuesdaythoughts,3,2018
#advertising,3,2018
#spring,3,2018
#advocating,4,2018
#farmers,4,2018
#sustainablefarming,4,2018
#aerosol,12,2018
#carbondioxideremoval,12,2018
#geoengineering,12,2018
#purpose,12,2018
#africancities,5,2018
#aids,17,2018
#art,3,2018
#bandarhajjar,5,2018
#crowdfunding,5,2018
#culture,12,2018
#ecole,5,2018
#endpoverty,5,2018
#energy4all,5,2018
#energyaccess,5,2018
#energytransition,2,2018
#equalitynow,17,2018
#ethiopia,17,2018
#feedthefuture,4,2018
#fgm,17,2018
#gbv,17,2018
#governance,12,2018
#hiv,17,2018
#icts,4,2018
#leavenoonebehind,5,2018
#lisbon,5,2018
#minigrids,5,2018
#music,3,2018
#property,12,2018
#ruralelectrification,5,2018
#rwanda,11,2018
#sasakawa,5,2018
#savethedate,5,2018
#sdg2030,5,2018
#seforall,5,2018
#seforallforum,5,2018
#socialdevelopment,3,2018
#tunis,5,2018
#tunisia,5,2018
#tunisie,5,2018
#uganda,5,2018
#unido,5,2018
#unimak,5,2018
#africacarbonforum,5,2018
#healthforall,17,2018
#uhc,17,2018
#africa’s,4,2018
#hunger,12,2018
#irrigation,4,2018
#waterscarcity,11,2018
#solutions,4,2018
#foodpolicy,4,2018
#goodfoodmedia,4,2018
#nordicsolutions,4,2018
#aging,4,2018
#cambridge,4,2018
#harvardhealth,4,2018
#mit,4,2018
#futurefarming,4,2018
#agricultural_sector,4,2018
#cap,4,2018
#recap,4,2018
#remote_sensing,4,2018
#aquaculture,4,2018
#beef,4,2018
#biodiversity,4,2018
#cattle,4,2018
#climateleaders,4,2018
#collapse,4,2018
#crispr,4,2018
#eagriculture,4,2018
#eo,4,2018
#fertilizer,4,2018
#foodforever,4,2018
#fossilfuel,4,2018
#fpa2018,4,2018
#futurepolicyaward,4,2018
#ghg,4,2018
#globalchange,4,2018
#gwaw2018,4,2018
#hemp,3,2018
#ict4ag,4,2018
#ict4d,4,2018
#mexicocity,4,2018
#mff,4,2018
#nanotechnology,4,2018
#observation,4,2018
#plant,4,2018
#policies,4,2018
#precisionag,4,2018
#purdue,4,2018
#rsisummit,4,2018
#scalingupagroecology,4,2018
#seaofgreen,4,2018
#shocks,4,2018
#smallholders,4,2018
#transgenic,4,2018
#transit,4,2018
#urbaninfrastructure,4,2018
#verticalfarming,4,2018
#watersupply,4,2018
#weathermonitoring,4,2018
#agriculture's,4,2018
#lakes,4,2018
#agroecological,4,2018
#nyufs18,4,2018
#productyield,4,2018
#profit,4,2018
#soilhealth,4,2018
#policy,12,2018
#sustainablefinance,5,2018
#economy,12,2018
#air2nrg,2,2018
#airsource,2,2018
#groundsource,2,2018
#heating,2,2018
#heatpumps,2,2018
#kent,2,2018
#sussex,2,2018
#productivity,12,2018
#airpollutionmovement,17,2018
#breathelife,17,2018
#inspiration,17,2018
#scotland,2,2018
#ajkmcrc,17,2018
#consumerawareness,17,2018
#consumerism,17,2018
#consumerrights,17,2018
#devcom,17,2018
#healthiswealth,17,2018
#jmi,17,2018
#materialism,17,2018
#urge2splurge,17,2018
#gardening,4,2018
#fakenews,17,2018
#capitalism,5,2018
#justintrudeau,2,2018
#allchildrencount,5,2018
#hopeland,5,2018
#unga,5,2018
#alteco,4,2018
#bio,4,2018
#lavazza,4,2018
#alternativeprotein,4,2018
#crickets,4,2018
#cricketsarethenewsuperfood,4,2018
#eatbugs,4,2018
#eatlessmeat,4,2018
#futurefood,4,2018
#ieatbugsandyoushouldtoo,4,2018
#amazing,3,2018
#animalrights,3,2018
#animals,3,2018
#beautiful,3,2018
#beauty,3,2018
#camp,3,2018
#camping,3,2018
#cute,3,2018
#cycling,3,2018
#horse,3,2018
#horses,3,2018
#nationalsiblingsday,3,2018
#outdoor,3,2018
#outdoors,3,2018
#respect,3,2018
#sunset,3,2018
#vacation,3,2018
#amazonianlandscapes,4,2018
#climatechangeadaptation,4,2018
#climatechangemitigation,4,2018
#amcdrr2018,5,2018
#drr,5,2018
#mongolia,5,2018
#sendaiframework,5,2018
#switch2sendai,5,2018
#fuel,2,2018
#birds,3,2018
#amsterdam,11,2018
#ekoplaza,11,2018
#plastic,11,2018
#sustainableconsumption,11,2018
#deforestation,11,2018
#wildlife,3,2018
#analysis,2,2018
#humanity,12,2018
#animal,17,2018
#australia,11,2018
#bankholidaymonday,17,2018
#extinction,11,2018
#govegan,17,2018
#meatfreemonday,17,2018
#mondaymotivation,17,2018
#racingextinction,11,2018
#saturdaymorning,17,2018
#saturdaymotivation,17,2018
#sundaybrunch,17,2018
#sundaythoughts,17,2018
#tuesdaymotivation,17,2018
#animalagricultureisnotsustainable,11,2018
#cowspiracy,11,2018
#environmentalism,11,2018
#habitatdestruction,11,2018
#speciesism,11,2018
#worldhunger,11,2018
#animalcruelty,17,2018
#fridayfeeling,2,2018
#fridaymotivation,17,2018
#fridaythoughts,17,2018
#fridaywisdom,17,2018
#healthbenefits,17,2018
#meatlessmarch,17,2018
#meatlessmonday,17,2018
#meatymarch,17,2018
#mondayfeeling,17,2018
#mondaythoughts,17,2018
#mondaywisdom,17,2018
#mothersday,17,2018
#mothersday2018,17,2018
#saturdayfeeling,17,2018
#saturdaythoughts,17,2018
#saturdaywisdom,17,2018
#sunday,17,2018
#sundayfeeling,17,2018
#sundaymotivation,17,2018
#sundaynight,17,2018
#sundayroast,17,2018
#sundaywisdom,17,2018
#crueltyfree,17,2018
#mohamadsafa,3,2018
#overpopulation,3,2018
#aranha,3,2018
#cancer,4,2018
#diabetes,3,2018
#extinctions,3,2018
#goal15,5,2018
#natureza,3,2018
#nhs,3,2018
#oceans,3,2018
#photo,3,2018
#plasticcups,3,2018
#plastics,3,2018
#sudan,5,2018
#whiterhino,5,2018
#worldhealthday,17,2018
#stopkillinghenharriers,4,2018
#poem,3,2018
#antarctica,12,2018
#co2,12,2018
#cooling,12,2018
#glaciers,12,2018
#greenland,3,2018
#population,12,2018
#money,12,2018
#aonb,17,2018
#essex,17,2018
#forum,17,2018
#place,17,2018
#suffolk,17,2018
#talks,17,2018
#appetizer,4,2018
#cheese,4,2018
#cooking,4,2018
#diet,4,2018
#plantbaseddiet,4,2018
#recipe,4,2018
#snacktime,4,2018
#veganism,4,2018
#veganlife,4,2018
#apple,3,2018
#goinggreen,3,2018
#aprc34,4,2018
#malnutrition,4,2018
#apw18,2,2018
#asiapacificberlin,2,2018
#session,2,2018
#aquaponics,3,2018
#cannabis,3,2018
#cbd,3,2018
#grow,3,2018
#hydroponics,3,2018
#architects,4,2018
#cumbria,4,2018
#gardens,4,2018
#greenroof,4,2018
#greenroofs,4,2018
#riba,4,2018
#rooftops,4,2018
#corporate,2,2018
#energyefficinency,2,2018
#pennsylvania,12,2018
#pennsylvannia,12,2018
#philadelphia,12,2018
#thursdaythoughts,3,2018
#warm,2,2018
#success,12,2018
#artdforgood,3,2018
#artforchange,3,2018
#artforclimate,3,2018
#artwork,11,2018
#awoiskavandermolen,3,2018
#baebienu,3,2018
#climateart,3,2018
#climatemessages,3,2018
#contemporaryart,3,2018
#dreamscapes,3,2018
#environmentalart,3,2018
#environmentalist,11,2018
#exhibition,3,2018
#hamilton,3,2018
#oneplanet,11,2018
#plantworld,3,2018
#plasticpolution,11,2018
#stopplasticpollution,3,2018
#talshochat,3,2018
#timetogiveashit,11,2018
#tokihirosato,3,2018
#upcycle,11,2018
#victoriaalbertmuseum,3,2018
#wastefree,11,2018
#york,3,2018
#yorkshire,3,2018
#artistontwitter,11,2018
#onlineart,11,2018
#photoseries,11,2018
#travelphotography,11,2018
#vietnam,5,2018
#wellbeing,17,2018
#asiapacific,5,2018
#publicfinance,5,2018
#resilientasia,5,2018
#spirituality,12,2018
#atea,5,2018
#ateatp2b,5,2018
#atlanticcanada,2,2018
#exxonknew,2,2018
#floods,2,2018
#noreaster,2,2018
#polluterspay,2,2018
#aurangabad,5,2018
#womenfarmersconsultation,5,2018
#farce,12,2018
#globalmovement,12,2018
#lng,2,2018
#ngarainstitute’s,12,2018
#wealth,12,2018
#aussie,3,2018
#flannelflower,3,2018
#outback,3,2018
#waratah,3,2018
#waterlily,3,2018
#sustainablecitiesandcommunities,11,2018
#austria,5,2018
#dachstein,5,2018
#keeprunning’s,5,2018
#sdg9,5,2018
#vienna,5,2018
#autismawarenessday,5,2018
#autismday2018,5,2018
#autonomy,12,2018
#community,12,2018
#diversity,12,2018
#ethics,12,2018
#integrity,12,2018
#management,12,2018
#mastery,12,2018
#mentalhealth,12,2018
#partnership,12,2018
#smallgroup,12,2018
#strategy,12,2018
#system,12,2018
#values,12,2018
#wholeness,12,2018
#awards,5,2018
#competition,5,2018
#natcaphub,5,2018
#pressrelease,5,2018
#website,5,2018
#baltimore,3,2018
#charmcity,3,2018
#fishackathon,3,2018
#fisheries,3,2018
#germany,2,2018
#gpcam18,3,2018
#japan,3,2018
#liberia,3,2018
#maryland,3,2018
#md,3,2018
#netherlands,3,2018
#ports,3,2018
#sistercities,3,2018
#changinglives,5,2018
#socialinnovation,5,2018
#sukuk,5,2018
#bangladesh,5,2018
#ldcgraduation,5,2018
#banwar,12,2018
#nonukes,12,2018
#wx,3,2018
#barillacfn,4,2018
#foodtank,4,2018
#basketball,12,2018
#satisfaction,12,2018
#electriccar,12,2018
#volkswagen,12,2018
#bbc,11,2018
#blueplanet,11,2018
#carex,11,2018
#orangutans,11,2018
#palmoil,11,2018
#sky,11,2018
#veganhour,11,2018
#yulin,11,2018
#bclng,2,2018
#bcndp,2,2018
#corporatewelfare,2,2018
#sitec,2,2018
#breaking,2,2018
#climateliability,4,2018
#fitting,2,2018
#frackingban,2,2018
#idlenomore,2,2018
#newzealand,2,2018
#so2,2,2018
#beachcleaning,11,2018
#goal14,11,2018
#yre,11,2018
#beachcleanup,11,2018
#cleanbeaches,11,2018
#cleanseas,11,2018
#beatplasticpollution,11,2018
#beatpollution,11,2018
#rubbish,11,2018
#bebrasil,3,2018
#brazilian,3,2018
#marketing,3,2018
#sxsw,3,2018
#becausewecare,5,2018
#beckenham,12,2018
#litterpicking,12,2018
#volunteering,12,2018
#farmlife,4,2018
#gardeningtips,4,2018
#beforetheflood,2,2018
#climateawareness,2,2018
#documentary,2,2018
#behappy,3,2018
#digitalisierung,3,2018
#digitalpress,3,2018
#humpday,3,2018
#internationaldayofhappiness,3,2018
#joy,3,2018
#believe,12,2018
#nevergiveup,12,2018
#belikethem,2,2018
#benefits,2,2018
#berlin,2,2018
#betd2018,2,2018
#energiewende,2,2018
#germany's,2,2018
#carbonremoval,4,2018
#norivalues,4,2018
#reversingclimatechange,4,2018
#betterfuture,5,2018
#microfinance,5,2018
#socialbusiness,5,2018
#betterworldleadership,5,2018
#corpgov,5,2018
#bildung,5,2018
#nordics,5,2018
#binzagrinstitute,11,2018
#prosperity,11,2018
#timorleste,11,2018
#bioabundance,4,2018
#dgs,4,2018
#climateadaptafionfund,4,2018
#ecosystemservices,4,2018
#eowilson,4,2018
#halfearthproject,4,2018
#planettextiles,4,2018
#textiles,4,2018
#vancouver,4,2018
#yourbudget2018,4,2018
#biotech,12,2018
#cdnag,12,2018
#potatoes,12,2018
#bumblebees,3,2018
#fish,3,2018
#grass,3,2018
#plasticwaste,3,2018
#zeroplastic,3,2018
#parenting,12,2018
#bitumenballs,2,2018
#canada's,2,2018
#firstnations,2,2018
#forthecoast,2,2018
#noconsentnopipeline,2,2018
#blockchaintechnology,5,2018
#hcmc,5,2018
#itstimetochange,2,2018
#rol,5,2018
#thatsnotmebtw,5,2018
#vbw2018,5,2018
#zeroco2,2,2018
#blog,3,2018
#conservewater,3,2018
#earthday2018,3,2018
#fightclimatechange,3,2018
#greenlife,3,2018
#loveyourplanet,3,2018
#mangrove,3,2018
#bluecommunity,5,2018
#geneva,5,2018
#wcc,5,2018
#bluetsunami2018,3,2018
#voteblue,3,2018
#bmw,12,2018
#electriccars,12,2018
#boomers,12,2018
#compensation,12,2018
#counselling,12,2018
#creativity,12,2018
#criticalthinking,12,2018
#depression,12,2018
#employment,12,2018
#gdp,12,2018
#humandevelopment,12,2018
#income,12,2018
#knowledge,12,2018
#meaning,12,2018
#millennials,12,2018
#participation,12,2018
#politics,12,2018
#politicstoday,12,2018
#psychiatry,12,2018
#refugees,12,2018
#religion,12,2018
#selfdiscovery,12,2018
#selfies,12,2018
#students,12,2018
#suicide,12,2018
#suicideprevention,12,2018
#teacherschangelives,12,2018
#teachersmatter,12,2018
#technologynews,12,2018
#terrorism,12,2018
#therapy,12,2018
#unemployment,12,2018
#violence,12,2018
#wars,12,2018
#work,12,2018
#workers,12,2018
#youngadults,12,2018
#borneo,11,2018
#rainforest,11,2018
#botswana,5,2018
#brands,3,2018
#cleanairweek,17,2018
#bristoljobs,12,2018
#postgresql,12,2018
#techforgood,12,2018
#bts,5,2018
#bummerdeal,12,2018
#leisure,12,2018
#businesscoaching,12,2018
#by2030,5,2018
#literacy,5,2018
#qualityeducation,5,2018
#skills,5,2018
#youth2030,5,2018
#ca48,17,2018
#starbucks,17,2018
#contractor,2,2018
#gosolar,2,2018
#ppa,2,2018
#procon,2,2018
#purchase,2,2018
#progress,12,2018
#dumpthejunk,4,2018
#poisonpushers,4,2018
#demexit,3,2018
#greenenter,3,2018
#greenparty,3,2018
#unitegreen,3,2018
#votegreen,3,2018
#canpoli,2,2018
#environnement,2,2018
#onstorm,2,2018
#capacitydevelopment,5,2018
#communism,5,2018
#jacquefresco,5,2018
#technologyiwanttosee,5,2018
#thevenusproject,5,2018
#carbonuptake,3,2018
#dynamics,3,2018
#ecopreserve,11,2018
#managed,3,2018
#phone,2,2018
#riodejaneiro,4,2018
#smartphone,2,2018
#speciescomposition,3,2018
#wildfire,3,2018
#casablanca,5,2018
#edtech,5,2018
#futuresafrica,5,2018
#catholic,3,2018
#church,3,2018
#laudatosi,3,2018
#mercy2earth,3,2018
#ministry,3,2018
#nyc,3,2018
#cbf2018,17,2018
#chogm2018,17,2018
#commonwealth,17,2018
#cwf,17,2018
#cwpeople,17,2018
#cyf,17,2018
#keepcanadaworking,2,2018
#topoli,2,2018
#cdnsci,3,2018
#flnrord,3,2018
#ominecafisheries,3,2018
#unbc,3,2018
#cdu,2,2018
#csu,2,2018
#diesel,2,2018
#spd,2,2018
#cedaw,5,2018
#cedaw69,5,2018
#marshallislands,5,2018
#rmi,5,2018
#sdg,5,2018
#chalkstream,4,2018
#oneplanetplate,4,2018
#trout,4,2018
#changealife,5,2018
#empowerment,5,2018
#chasingcoral,2,2018
#upworthy,2,2018
#chemicals,11,2018
#factoryfarming,11,2018
#overfishing,11,2018
#pesticideforum,11,2018
#pesticides,11,2018
#poison,11,2018
#toxic,11,2018
#commonwealthsdp,17,2018
#smallstates,17,2018
#dd,5,2018
#ufgc18,4,2018
#citizen,4,2018
#gamification,4,2018
#csem,17,2018
#civilsocietyfutures,2,2018
#ckcu,4,2018
#foodfriday,4,2018
#wakefielddocfest,4,2018
#classic,3,2018
#muse,3,2018
#physicalliteracy,17,2018
#plogging,17,2018
#positive,17,2018
#running,17,2018
#cleancov,11,2018
#coventry,11,2018
#coventrycity,11,2018
#litter,11,2018
#makingadifference,11,2018
#polution,11,2018
#cop23,5,2018
#evidence,12,2018
#hoax,12,2018
#luddites,12,2018
#nuclearenergy,12,2018
#nuclearpower,12,2018
#renewablesnow,12,2018
#transition,2,2018
#cmu,5,2018
#investeu,5,2018
#sustainablefinanceeu,5,2018
#cleaner,11,2018
#inventions,11,2018
#zero,11,2018
#cleanstreets,17,2018
#communitycleanup,17,2018
#earthmonth,17,2018
#torontoravines,17,2018
#wlam,17,2018
#ebafosa,5,2018
#edm,5,2018
#energimyndigheten,2,2018
#globalcitizen,5,2018
#gu4ph,2,2018
#healthiestcommunities,5,2018
#india's,2,2018
#kigaliamendment,2,2018
#mymoneyeu,5,2018
#rooftopsolar,2,2018
#sverige,2,2018
#sweden’s,2,2018
#thegreenestloveofall,2,2018
#thisistheeu,5,2018
#treeplanting,3,2018
#newjersey,2,2018
#noreaster2018,2,2018
#redweatherwarning,3,2018
#snowday2018,3,2018
#snowmaggedon,3,2018
#stormemma,3,2018
#weatherwarning,3,2018
#winterweather,3,2018
#devjobs,5,2018
#climatehealth,17,2018
#shell,5,2018
#socialchange,5,2018
#sociallabs,5,2018
#crimes,4,2018
#climatesmart,4,2018
#climateuprising,12,2018
#climatevandalism,12,2018
#fema,12,2018
#clintoncrimes,17,2018
#hrctape,17,2018
#nratv,17,2018
#trumprussiacoverup,17,2018
#trumptrain2020,17,2018
#cndpoli,2,2018
#indigenouspeoples,2,2018
#parisclimateaccord,2,2018
#edenhofer,2,2018
#merkel,2,2018
#sustainablelogistics,12,2018
#sweden's,2,2018
#weneedchange,12,2018
#coalash,3,2018
#coalashspillcase,3,2018
#tennessee,3,2018
#tva,3,2018
#tvakingstonfossilfuelpowerplant,3,2018
#collaborations,12,2018
#colombia,11,2018
#commod,11,2018
#scicomm,11,2018
#commitforum,5,2018
#commonwealthyouth,17,2018
#communication,5,2018
#emotion,5,2018
#livesmart,12,2018
#systems,12,2018
#impactinvesting,17,2018
#iufro,17,2018
#ldd2018,17,2018
#conflict,5,2018
#humanitarian,5,2018
#conflicts,12,2018
#connecteddevices,17,2018
#conservationchatuk,3,2018
#forestconservation,3,2018
#mountkenyatrust,3,2018
#planttrees,3,2018
#saveourforests,3,2018
#conservationjobs,5,2018
#environmentaleducation,5,2018
#illegalwildlifetrade,5,2018
#consumer,2,2018
#consumers,4,2018
#monsanto's,4,2018
#protect,4,2018
#consumption,12,2018
#degrowth,12,2018
#smallerfamilies,12,2018
#coolterra,4,2018
#engineeredbiocarbon,4,2018
#poetry,11,2018
#writing,11,2018
#schools,5,2018
#corporateppa,2,2018
#positiveenergy,2,2018
#indonesian,11,2018
#countries,4,2018
#poor,4,2018
#democracy,12,2018
#leadershipdevelopment,12,2018
#philosophy,12,2018
#survival,12,2018
#internationaldayofhappiness2018,12,2018
#toolsforpeace,12,2018
#procurement,11,2018
#rse,5,2018
#saparibalive,11,2018
#sarahcsbptakeover,5,2018
#sedex18book,5,2018
#supplychainexperts,5,2018
#csw62africa,5,2018
#deliverforgood,5,2018
#em2030,5,2018
#empower,17,2018
#rsgroupasia,12,2018
#textile,11,2018
#uzbekistan,11,2018
#curriculum,3,2018
#mba,3,2018
#rsm,3,2018
#customerfocus,12,2018
#teamwork,12,2018
#cypt,3,2018
#damagedroads,3,2018
#megacities,3,2018
#poweroutages,3,2018
#dahlulhamam,3,2018
#mme,3,2018
#park,3,2018
#qatar,3,2018
#damage,2,2018
#data4sdgs,5,2018
#funddata,5,2018
#dawn,3,2018
#fall,3,2018
#light,3,2018
#season,3,2018
#shadow,3,2018
#tree,3,2018
#dceff26,2,2018
#nuclearreimagined,2,2018
#decentjobsforyouth,5,2018
#sahel,5,2018
#deependemocracy,5,2018
#socialdialogue,5,2018
#eastgippsland,11,2018
#ecocide,11,2018
#fail,11,2018
#ffga,11,2018
#greatergliders,11,2018
#habitat,11,2018
#saveour,11,2018
#sustdev,11,2018
#woodland,11,2018
#defyingclimatechange,5,2018
#resilient,5,2018
#denmark,2,2018
#indiaonfasttrack,2,2018
#transformingindia,2,2018
#transforminglives,2,2018
#regenag,4,2018
#regenerativecultures,4,2018
#transitiondesign,4,2018
#developers,17,2018
#highqualityhomes,17,2018
#housebuilding,17,2018
#localauthorities,17,2018
#socialvalue,17,2018
#gaza,5,2018
#gazaonthebrink,5,2018
#happiness,12,2018
#ngo,12,2018
#palestine,5,2018
#superbowl,12,2018
#wcw,12,2018
#didyouknow,3,2018
#electronicprescriptions,3,2018
#naturalcapital,3,2018
#populationgrowth,3,2018
#prescriptions,3,2018
#smallfamily,3,2018
#thinklandscape,3,2018
#dieselgate,2,2018
#vw,2,2018
#disaster,5,2018
#discrimination,5,2018
#stigma,5,2018
#zerodiscrimination,5,2018
#wednesdaywisdom,2,2018
#diversitymatters,12,2018
#genomics,12,2018
#nyse,5,2018
#womenshistorymonth,5,2018
#diy,2,2018
#freeandreal,2,2018
#mastercourse,2,2018
#dominicanrepublic,5,2018
#dosomething,5,2018
#pakistan,5,2018
#sdgtalent,5,2018
#droughts,2,2018
#hydroelectric,2,2018
#drucker,11,2018
#factoryfarms,17,2018
#holyweek,11,2018
#itsallconnected,17,2018
#meditate,17,2018
#mysticeyetoronto,17,2018
#philippines,11,2018
#pipeline,2,2018
#prayer,11,2018
#prayers,11,2018
#sadhguru,17,2018
#satellite,2,2018
#soul,11,2018
#earthdayeveryday,3,2018
#hikinginbavaria,3,2018
#natureizaboss,3,2018
#naturelovers,3,2018
#naturephotography,3,2018
#stanningnature,3,2018
#survivor,3,2018
#wildflowers,3,2018
#winnipeg,3,2018
#telangana,3,2018
#earthguardians,11,2018
#standwithstandingrock,11,2018
#uniteglobally,11,2018
#waternews,11,2018
#waterprotectors,11,2018
#worthy,11,2018
#eastermonday,3,2018
#snowstorm,3,2018
#ecocost,4,2018
#railways,2,2018
#electricdreams,2,2018
#georgetown,2,2018
#rollsroyce,2,2018
#watershed,11,2018
#ecoresorts,2,2018
#islands,2,2018
#nachhaltigkeit,2,2018
#poems,3,2018
#wellbeingmatters,3,2018
#whalesarepeopletoo,3,2018
#ecotravel,3,2018
#editing,11,2018
#womeninstem,11,2018
#globaled,5,2018
#globaled18,5,2018
#evidenceoverignorance,12,2018
#nigeria’s,5,2018
#rebelleaders,11,2018
#educationforall,5,2018
#educhat,17,2018
#geochat,17,2018
#geographyteacher,17,2018
#pshe,17,2018
#eeacnetwork,5,2018
#hamsters,5,2018
#runtogether,5,2018
#ices,4,2018
#energytwitter,2,2018
#natgas,2,2018
#emmanuelmacron,2,2018
#womenandenvironment,5,2018
#endstigma,17,2018
#integrated,17,2018
#preventhiv,17,2018
#sectoral,17,2018
#energyunion,4,2018
#erice,2,2018
#eurecmasters,2,2018
#fossilcuels,2,2018
#futureofenergy,2,2018
#highlandpark,2,2018
#materials,2,2018
#publiclands,2,2018
#retweet,2,2018
#sicily,2,2018
#smcso18,4,2018
#solarchat,2,2018
#solarpanels,2,2018
#wb18,4,2018
#worldbank,4,2018
#ldcs,5,2018
#energyconsumption,2,2018
#energyefficiencyday,12,2018
#fragilityforum18,12,2018
#environmentallyfriendly,11,2018
#worldenvironmentday,11,2018
#shortfilm,5,2018
#epa’s,17,2018
#pruitt’s,17,2018
#publichealth,17,2018
#indigenous,2,2018
#europe’s,2,2018
#norway,2,2018
#events,4,2018
#mice,4,2018
#volunteerism,4,2018
#litigation,12,2018
#riskmanagement,12,2018
#humansurvival,3,2018
#geographicalindications,11,2018
#fcs2018,12,2018
#sustainablity,12,2018
#festival,5,2018
#festival2018,5,2018
#upcycled,5,2018
#firstresponders,12,2018
#hackathon,12,2018
#inthistogether,12,2018
#veterans,12,2018
#worldwaterforum8,5,2018
#wwdr2018,5,2018
#flora,11,2018
#skincare,11,2018
#nationalvolunteerweek2018,4,2018
#skyberries,4,2018
#tastethewaste,4,2018
#foodaccess,4,2018
#futureoffood,4,2018
#oceanfertilization,12,2018
#rbf,4,2018
#money4trees,3,2018
#rickperry,4,2018
#whistleblowers,4,2018
#lossanddamage,2,2018
#protectourcoast,2,2018
#fundeducation,5,2018
#growyourfood,4,2018
#heirloom,4,2018
#peas,4,2018
#seeds,4,2018
#gcfund,5,2018
#greenerplanet,5,2018
#policycoherence,5,2018
#undsg,5,2018
#ghaziabad,2,2018
#ravisolar,2,2018
#ghent,4,2018
#ghsecurity,17,2018
#healthworkerscount,17,2018
#whwweek,17,2018
#givingtuesday,5,2018
#tellingitasitis,5,2018
#glfbonn2017,3,2018
#sask,2,2018
#treaty4,2,2018
#globalchangeaward,12,2018
#globalcitizenlive,17,2018
#primaryhealthcare,17,2018
#sdlive,17,2018
#globalfoodsecurity,12,2018
#prophecy,12,2018
#globalgreening,5,2018
#gogreen4globalgoals,5,2018
#gpid20,5,2018
#internationalsolaralliance,5,2018
#ipu138,5,2018
#laos,5,2018
#littlexlittle,5,2018
#msfteduchat,5,2018
#nphw,5,2018
#parisageement,5,2018
#pluralplus18,5,2018
#rsalugano,5,2018
#salesforcetour,5,2018
#sharethelove,5,2018
#stateofclimate,5,2018
#stpatricksday,5,2018
#weareindigenous,5,2018
#globalmobility,12,2018
#travelrisk,12,2018
#google,2,2018
#gothenborg,12,2018
#inno4dev,12,2018
#papivn,12,2018
#swedish,12,2018
#youthengagement,12,2018
#greengoals,5,2018
#thingsyoudontseeeveryday,3,2018
#greenspace,17,2018
#physicalactivity,17,2018
#socialprescribing,17,2018
#winemaker,11,2018
#mood,12,2018
#planetaryhealth,17,2018
#smallislanddevelopingstates,17,2018
#worldhealthday2018,17,2018
#healthheroes,17,2018
#healthsystems,17,2018
#healthworkers,17,2018
#herhelmetthursdays,12,2018
#womenwholead,12,2018
#moreicethenever,12,2018
#sxsw18,3,2018
#zeropoverty,12,2018
#ideologuecentrist,12,2018
#ikapril18,2,2018
#saveourtrees,2,2018
#stopcuttingtrees,2,2018
#lao,11,2018
#indysustainsummit,4,2018
#socialwelfare,4,2018
#mannahydration,12,2018
#plasticfreeeaster,11,2018
#retrobottle,12,2018
#solution,11,2018
#supplierrisk,11,2018
#insurer,5,2018
#internationalaid,12,2018
#ratificationreferendum,12,2018
#stopbrexit,12,2018
#ubi,12,2018
#isdb43am,5,2018
#iyncwin18,2,2018
#riley,2,2018
#keepitpublic,2,2018
#keepitwild,2,2018
#wilderness,2,2018
#maps,17,2018
#pmjt,2,2018
#km,12,2018
#knowledgemanagement,12,2018
#oneworldnohunger,5,2018
#wednesday,3,2018
#whale,11,2018
#logistics,2,2018
#vwgroup,2,2018
#warehouse,2,2018
#maternity,5,2018
#srhr,5,2018
#mediafreedom,5,2018
#monday,2,2018
#nasemclimatecomms,12,2018
#nationalsecurity,12,2018
#navy,12,2018
#pennstate,12,2018
#newengland,2,2018
#undergraduateresearch,12,2018
#noplanetb,3,2018
#norwalkct,3,2018
#yeahright,3,2018
#smr,2,2018
#thorium,2,2018
#uranium,2,2018
#ny,2,2018
#youngpeople,11,2018
#orangutan,11,2018
#withorwithout,11,2018
#retail,11,2018
#springbreak,11,2018
#tawain,11,2018
#special,11,2018
#training,11,2018
#sciencepolicy,12,2018
#ygk,2,2018
#publicengagement,11,2018
#theclimatecommsproject,11,2018
#pumptalk,5,2018
#wbe,5,2018
#womenengineers,5,2018
#recyclereuse,17,2018
#stopwastingstuff,17,2018
#regenerativeag,4,2018
#rethinkai,4,2018
#rewilding,3,2018
#saudiarabia,2,2018
#scichat,12,2018
#scienceisessential,11,2018
#teachout,12,2018
#ussstrike,12,2018
#scientistswarning,3,2018
#thinkmobilesolar,2,2018
#solartech,4,2018
#textileprintingnow,11,2018
#thankgodforsmallmercies,2,2018
#traveltips,3,2018
#youneedtoknow,3,2018
#yahweh,3,2018
#uhc2030,17,2018
#worldforthemany,11,2018
#wellbeingforretail,17,2018
#women4climate,5,2018
#1,0,2019
#unitednations,0,2019
#100climateleaders,1,2019
#climateaction,1,2019
#fridaysforfuture,1,2019
#100daysawarenessonamr,2,2019
#amractionng,2,2019
#antibiotics,2,2019
#diseases,2,2019
#future,2,2019
#keepantibioticsworking,2,2019
#11,0,2019
#gamification,0,2019
#inspiration,0,2019
#leaders,3,2019
#motivation,0,2019
#peace,0,2019
#12yearstomakeadifference,1,2019
#extinctionrebellion,1,2019
#131,0,2019
#15march,1,2019
#15marzo,1,2019
#climatestrike,1,2019
#gretathunberg,1,2019
#nobelpeaceprize,1,2019
#nobelprize,1,2019
#schoolstrike,1,2019
#tree,3,2019
#trees,2,2019
#1o5,9,2019
#ipcc,9,2019
#sr15,9,2019
#1o5c,2,2019
#animal,2,2019
#animalrights,2,2019
#bikes,9,2019
#bluepanda,2,2019
#co2,12,2019
#cop25,2,2019
#fff,2,2019
#france,9,2019
#fridayforfuture,1,2019
#greenenergy,9,2019
#mondaymotivation,2,2019
#mondaythoughts,2,2019
#nature,2,2019
#pakistan,2,2019
#renewableenergy,9,2019
#saturdaymorning,2,2019
#saturdaymotivation,2,2019
#saturdaythoughts,2,2019
#savetheplanet,2,2019
#schools4climate,2,2019
#sundaythoughts,3,2019
#swgreen,2,2019
#tech,9,2019
#tellthetruth,1,2019
#tuesdaymotivation,2,2019
#tuesdaythoughts,2,2019
#wildlife,2,2019
#wwf,2,2019
#xr,2,2019
#1styltbyycdn,15,2019
#1styouthleaderstalk,15,2019
#globalgoals,15,2019
#pakyouth4sdgs,15,2019
#teamycdn,15,2019
#2019eastafricamodel,0,2019
#eamun,0,2019
#un,0,2019
#2019elections,12,2019
#auspol,12,2019
#ausvotes2019,12,2019
#extinction,2,2019
#worldheritage,12,2019
#2030,0,2019
#goals,0,2019
#india,0,2019
#mains2019,0,2019
#mdgs,0,2019
#partnership,0,2019
#people,0,2019
#povertyalleviation,0,2019
#prelims,0,2019
#prosperity,0,2019
#pt2019,0,2019
#reviewmechanism,0,2019
#sustainabledevelopment,0,2019
#sustainabledevelopmentgoals,0,2019
#upscprep,0,2019
#2030agenda,15,2019
#act4sdgs,15,2019
#civilsociety,15,2019
#claimingcivicspace,15,2019
#foaa,15,2019
#frieda,15,2019
#hlpf,15,2019
#klimalog,15,2019
#ndcs,15,2019
#news,3,2019
#sdg10,15,2019
#sdg13,15,2019
#sdg16,15,2019
#sdg17,15,2019
#sdg4,15,2019
#sdg8,15,2019
#sdgawards,15,2019
#stakeholders,15,2019
#t20,15,2019
#volunteering,15,2019
#young,1,2019
#3dp,3,2019
#ai,3,2019
#artificialintelligence,3,2019
#automation,3,2019
#digital,3,2019
#engineering,3,2019
#futureofwork,3,2019
#innovation,3,2019
#iot,3,2019
#ml,3,2019
#robotics,3,2019
#smart,3,2019
#technologies,3,2019
#3dprinter,3,2019
#actonclimate,9,2019
#recycle,15,2019
#4ir,3,2019
#amazing,3,2019
#b2c,3,2019
#construction,3,2019
#design,3,2019
#energy,9,2019
#energyefficiency,3,2019
#greentech,3,2019
#house,3,2019
#hrtech,3,2019
#machines,3,2019
#office,3,2019
#retailtech,3,2019
#smartcities,3,2019
#smm,3,2019
#solar,9,2019
#stem,3,2019
#traffic,3,2019
#marketing,3,2019
#50swomen,0,2019
#cedaw,0,2019
#discrimination,0,2019
#globalsgoals,0,2019
#nics,0,2019
#tax,0,2019
#knowledge,2,2019
#aachenernachrichter,12,2019
#cdu,12,2019
#coal,12,2019
#hambacherforst,12,2019
#nrw,12,2019
#rwe,12,2019
#spd,12,2019
#abcclimatewatch,1,2019
#endclimatesilence,1,2019
#abpoli,9,2019
#bcpoli,9,2019
#cdnpoli,9,2019
#fossilfuels,12,2019
#alarmism,12,2019
#america,2,2019
#carbontax,9,2019
#gmg4c,9,2019
#go100re,9,2019
#greennewdeal,9,2019
#panelsnotpipelines,9,2019
#responsibility,9,2019
#access,3,2019
#mobilityweek,3,2019
#multistakeholder,3,2019
#openess,3,2019
#rights,3,2019
#acidisation,12,2019
#rathlinenergy,12,2019
#westnewton,12,2019
#act,2,2019
#amazon,2,2019
#bloodpressure,2,2019
#conservation,2,2019
#forests,2,2019
#harmony,2,2019
#investment,2,2019
#library,2,2019
#living,2,2019
#medicine,2,2019
#nationalparks,2,2019
#resistance,2,2019
#wisdom,2,2019
#climaterisks,15,2019
#cybersecurity,3,2019
#action,12,2019
#china,0,2019
#climateactionincentive,12,2019
#climateactionnow,1,2019
#nationals,12,2019
#renewables,9,2019
#victorian,12,2019
#activism,2,2019
#annoyinggovernmentofficials,2,2019
#carbontaxes,2,2019
#environmentalism,2,2019
#actnow,1,2019
#anthropocene,1,2019
#climatejustice,2,2019
#ecocide,2,2019
#houseonfire,1,2019
#ourfuture,2,2019
#paris,2,2019
#actnowforfuture,1,2019
#australia,15,2019
#carstrikefriday,1,2019
#climateemergency,1,2019
#parentsforclimate,1,2019
#parentsforfuture,1,2019
#analytics,3,2019
#auspol19,12,2019
#ausvotes,12,2019
#ausvotes19,12,2019
#berlin,1,2019
#bigdata,3,2019
#biofuels,9,2019
#chile,9,2019
#chuckhagel,9,2019
#cleantech,9,2019
#climat,9,2019
#climatecrisis,1,2019
#climateelection,12,2019
#climatefriday,9,2019
#climatehope,9,2019
#climatemarch,1,2019
#climatesurvival,9,2019
#cop24,9,2019
#dublin,9,2019
#ecofrien,9,2019
#ecosocialism,1,2019
#endcoal,12,2019
#envir,9,2019
#enviro,9,2019
#ev,9,2019
#fridayforfutures,9,2019
#fridays4future,1,2019
#fridaysforfutures,9,2019
#gosolar,9,2019
#gree,9,2019
#greendeal,9,2019
#grevepourleclima,9,2019
#hope7cc,9,2019
#internationalwomensday,1,2019
#iwd2019,1,2019
#johnkerry,9,2019
#keepintheground,9,2019
#keepitintheground,9,2019
#klimaatmars,1,2019
#klimaatstaking,9,2019
#klimastreik,1,2019
#ladefensebloquee,9,2019
#leadonclimate,3,2019
#marchedusiecle,3,2019
#marchepourclimat,3,2019
#michigansolar,9,2019
#nantes,9,2019
#nokxl,9,2019
#norway,3,2019
#notmx,9,2019
#pollution,2,2019
#priceoncarbon,9,2019
#protecthealth,12,2019
#qcpoli,9,2019
#recycling,15,2019
#regrann,9,2019
#renergyhub,9,2019
#renewable,9,2019
#republiquedespollueurs,9,2019
#schoolsstrike4climate,1,2019
#schoolstrike4climate,1,2019
#shareashow,9,2019
#solarenergy,9,2019
#solarpanels,9,2019
#solarpower,9,2019
#springst,12,2019
#ss4cnz,1,2019
#startup,3,2019
#stayinformedcc,9,2019
#stopkm,9,2019
#stopline3,9,2019
#studentstrike,9,2019
#swps,9,2019
#tictocnews,9,2019
#transportation,9,2019
#useless,9,2019
#wasteless,9,2019
#wind,9,2019
#wutv,9,2019
#xplorico,3,2019
#youthclimatestrike,1,2019
#actonclmate,9,2019
#ad,15,2019
#brisbane,15,2019
#canberra,15,2019
#followback,15,2019
#followbacks,15,2019
#foodwaste,15,2019
#melbourne,15,2019
#sydney,15,2019
#waste,15,2019
#adani,12,2019
#ausmedia,12,2019
#hydro,12,2019
#mine,12,2019
#qldpol,12,2019
#stopadani,12,2019
#wtf,12,2019
#adelaide,15,2019
#albury,15,2019
#perth,15,2019
#ryde,15,2019
#tidalpower,15,2019
#wavepower,15,2019
#admissionsopen,0,2019
#mastercourses,0,2019
#study,0,2019
#terisas,0,2019
#adolescents,0,2019
#hiv,0,2019
#electricvehicle,3,2019
#uhc,15,2019
#aecindustry,3,2019
#designthinking,3,2019
#futureproofing,3,2019
#inspirationalquotes,3,2019
#security,9,2019
#agenda2030,15,2019
#animalright,2,2019
#bbc,2,2019
#c4news,2,2019
#cat,2,2019
#confidence,2,2019
#dog,2,2019
#economics,3,2019
#hargeisa,15,2019
#iran,2,2019
#iranian,2,2019
#ireland,2,2019
#leadership,3,2019
#lion,2,2019
#lions,2,2019
#nyc,2,2019
#poland,2,2019
#power,9,2019
#refugees,1,2019
#sdgbookclub,15,2019
#somalia,15,2019
#somaliland,15,2019
#tiger,2,2019
#usa,2,2019
#ygc19,1,2019
#africa's,15,2019
#africaisrising,15,2019
#entrepreneurs,15,2019
#impinv,15,2019
#socent,15,2019
#tech4good,3,2019
#employment,0,2019
#literacy,0,2019
#nigeria,0,2019
#sdgsthursday,0,2019
#skills,3,2019
#youth,0,2019
#africanphilanthropy,1,2019
#balanceforbetter,1,2019
#csw2019,1,2019
#healthcareforall,1,2019
#maternalmonday,1,2019
#bapa40,15,2019
#eliteconsultoriaods,15,2019
#eliteconsultoriasdgs,15,2019
#eliteempresarialods,15,2019
#eliteempresarialsdgs,15,2019
#elitesdgs,15,2019
#endpoverty,15,2019
#globalsurveysdg,15,2019
#ibelieveinmyeducationsdgs,15,2019
#internationalorganisations,15,2019
#lebanon,15,2019
#nextgeneration,15,2019
#ods,15,2019
#ods10,15,2019
#ods5,15,2019
#sdgs10,15,2019
#sdgs5,15,2019
#teachsdgs,15,2019
#thelebanonwewant,15,2019
#unsg,15,2019
#agricolture,2,2019
#biodiversity,12,2019
#deterrent,2,2019
#field,2,2019
#insect,2,2019
#nontoxic,2,2019
#pesticide,2,2019
#plants,2,2019
#sorghum,2,2019
#buildsmart,1,2019
#genderinag,1,2019
#growth,0,2019
#startups,3,2019
#thinkequal,1,2019
#drones,3,2019
#industry40,3,2019
#autonomouscar,3,2019
#iiot,3,2019
#telematics,3,2019
#telemedicine,3,2019
#climatereality,3,2019
#apple,3,2019
#bscdportugal,3,2019
#ceo,3,2019
#cloud,3,2019
#data4good,3,2019
#datacenter,3,2019
#datacenters,3,2019
#datadriveninnovation,3,2019
#datainnovation,3,2019
#datamonetization,3,2019
#datascience,3,2019
#digitaltransformation,3,2019
#dreamthefuture,3,2019
#dx,3,2019
#ecotech,3,2019
#emergingtech,3,2019
#ethics,3,2019
#events,3,2019
#fintech,3,2019
#growthhacking,3,2019
#helpingtheworldtrade,3,2019
#hr,3,2019
#innovationatedp,3,2019
#internetofthings,3,2019
#ioe,9,2019
#iphones,3,2019
#machinelearning,3,2019
#mwc19,3,2019
#opendata,3,2019
#personalbranding,3,2019
#ransomware,3,2019
#resourceefficiency,3,2019
#robots,3,2019
#sensors,3,2019
#seo,3,2019
#smartcity,3,2019
#smarthome,3,2019
#smartphones,3,2019
#tradeandcommerce,3,2019
#tradetechandevents,3,2019
#ux,3,2019
#videos,3,2019
#vr,3,2019
#airlines,3,2019
#freight,3,2019
#management,3,2019
#carbondioxide,2,2019
#cleanair,3,2019
#gmgreencity,1,2019
#oxygen,2,2019
#sdg,0,2019
#airquality,12,2019
#foodquality,12,2019
#planttrees,12,2019
#waterquality,12,2019
#alabama,1,2019
#this,1,2019
#alaigbo,0,2019
#cleanandgreen,0,2019
#wastemanagement,0,2019
#wastetowealth,0,2019
#bom,12,2019
#extremeweather,12,2019
#alevelgeography,0,2019
#examexamples,0,2019
#geography,0,2019
#readit,0,2019
#tippingpoint,0,2019
#algae,2,2019
#aquaculture,2,2019
#ecosystem,2,2019
#imta,2,2019
#seaweed,2,2019
#allston,9,2019
#boston,9,2019
#brighton,9,2019
#roslindale,9,2019
#southendboston,9,2019
#almaty,12,2019
#apsurvey,12,2019
#newdelhi,12,2019
#suva,12,2019
#alternativeenergy,9,2019
#cheappower,9,2019
#electricity,9,2019
#generation,9,2019
#outsourcing,9,2019
#pv,9,2019
#radiation,9,2019
#sun,9,2019
#sustainableenergy,9,2019
#transmission,9,2019
#turbines,9,2019
#years,2,2019
#am44,0,2019
#finminfinance,0,2019
#finminnigeria,0,2019
#morocco,0,2019
#amazonas,12,2019
#savetheamazon,12,2019
#anesthesia,15,2019
#nsoap2019,15,2019
#obstetrics,15,2019
#surgery,15,2019
#angrygods,12,2019
#globalcooling,12,2019
#beetle,2,2019
#close,2,2019
#closeup,2,2019
#invertebrate,2,2019
#little,2,2019
#single,2,2019
#weevil,2,2019
#wood,2,2019
#animalsplanet,15,2019
#ecologie,15,2019
#antarctica,12,2019
#antarcticscience,12,2019
#exp382,12,2019
#fossils,12,2019
#icebergalley,12,2019
#pliocene,12,2019
#rmets,12,2019
#southernocean,12,2019
#thwaitesglacier,12,2019
#womeninscience,12,2019
#womeninstem,12,2019
#envhist,2,2019
#envhum,2,2019
#ethoslifestyle,1,2019
#anthropogenic,12,2019
#donebypeople,12,2019
#oneearth,12,2019
#weneedtostop,12,2019
#policy,3,2019
#aog2019,12,2019
#wapol,12,2019
#apfsd,0,2019
#apfsd2019,0,2019
#apfsdyouth2019,0,2019
#asiapacific,0,2019
#shecelebratesthirty,0,2019
#volunteers,15,2019
#decentwork,15,2019
#appalachia's,2,2019
#byproducts,2,2019
#carbonaroeffect,2,2019
#fish,2,2019
#fishing,2,2019
#ar6,9,2019
#srccl,9,2019
#srocc,9,2019
#deconstruction,3,2019
#landscapearchitecture,3,2019
#newyork,3,2019
#syracuse,3,2019
#explosion,12,2019
#farce,12,2019
#polarbears,12,2019
#seaice,12,2019
#nowplaying,1,2019
#asksogeanything,12,2019
#climatescience,12,2019
#schoolstrikeforclimate,1,2019
#attenborough,12,2019
#climatism,12,2019
#credlin,12,2019
#fairytales,12,2019
#pmlive,12,2019
#batterystorage,9,2019
#buythepaper,12,2019
#cagw,12,2019
#celiahammond,12,2019
#climatebreakdown,1,2019
#con,12,2019
#coralnotcoal,12,2019
#curtain,12,2019
#curtin,12,2019
#doctors,15,2019
#election19,3,2019
#enddeforestation,12,2019
#endnativeforestlogging2020,12,2019
#energypoverty,12,2019
#energystorage,9,2019
#fairdinkumpropaganda,12,2019
#feelpinion,12,2019
#greennewscam,12,2019
#greens,12,2019
#independentsday,12,2019
#insanity,12,2019
#itrustbill,12,2019
#kooyongvotes,12,2019
#lnp,12,2019
#logging,12,2019
#mainstreammedia,12,2019
#nationalforestuprising,12,2019
#nswpol,12,2019
#onpoli,12,2019
#outsiders,12,2019
#parisaccord,0,2019
#politicshq,12,2019
#propaganda,12,2019
#pseudoscience,12,2019
#qanda,12,2019
#riotinto,12,2019
#rsademocracy,12,2019
#senate,12,2019
#seriously,12,2019
#solarpv,9,2019
#standup4forests,12,2019
#strike4climate,1,2019
#systemchange,12,2019
#theboltreport,12,2019
#totalitarianism,12,2019
#unreliables,12,2019
#warringahvotes,12,2019
#wentworthvotes,12,2019
#woke,12,2019
#youknowitmakessense,12,2019
#auspoli,1,2019
#eupol,1,2019
#ukpoli,1,2019
#ukpolitics,1,2019
#uspoli,1,2019
#fiji,12,2019
#hornsby,15,2019
#insectextinction,15,2019
#insects,2,2019
#pacificcooperation,12,2019
#permafrost,15,2019
#re100,1,2019
#aviation's,0,2019
#carbonbudget,0,2019
#carbonemissions,0,2019
#awareness,1,2019
#climatechangestrike,1,2019
#kebetu,1,2019
#matam,1,2019
#babykillers,12,2019
#toronto,1,2019
#backagreta,1,2019
#kli,1,2019
#klimatstrejk,1,2019
#link,1,2019
#bahrain,15,2019
#disruptivetechnologies,15,2019
#entrepreneurship,3,2019
#gec2019,15,2019
#sdg9,15,2019
#combodia,1,2019
#goal5b,1,2019
#lessonslearnt,1,2019
#wd2019,1,2019
#womendeliveryoungleader,1,2019
#reuse,15,2019
#bankofengland,1,2019
#enforcement,1,2019
#banthebag,3,2019
#plasticblows,3,2019
#stewardship,3,2019
#barclays,12,2019
#barclaysbank,12,2019
#brixton,12,2019
#oxfordcircus,2,2019
#bbclearningenglish,15,2019
#chewinggum,15,2019
#elt,15,2019
#esl,15,2019
#learnenglish,15,2019
#useful,15,2019
#vocab,15,2019
#vocabulary,15,2019
#bbcqt,1,2019
#bbiinfoday,15,2019
#circular,15,2019
#bcgreens,9,2019
#neoliberalism,9,2019
#ngo's,9,2019
#beautiful,2,2019
#cleaningup,2,2019
#environmentallyfriendly,2,2019
#first,2,2019
#japanese,2,2019
#memories,2,2019
#nostalgia,2,2019
#okinawa,2,2019
#okinawan,2,2019
#oppression,2,2019
#papers,2,2019
#saharasunset,2,2019
#watercampaign,2,2019
#beckenham,1,2019
#bromley,1,2019
#orpington,1,2019
#beekeepers,3,2019
#beekeeping,3,2019
#bees,3,2019
#homecare,3,2019
#improvinglives,3,2019
#income,3,2019
#birds,2,2019
#berkeleyresearch,3,2019
#neighborhoods,3,2019
#zoning,3,2019
#fightracism,15,2019
#iderd,15,2019
#beyondcoal,12,2019
#hsbc,12,2019
#bialowieza,12,2019
#forestday,12,2019
#pirin,12,2019
#geo4sdgs,0,2019
#geospatialbydefault,0,2019
#gwf2019,0,2019
#bigshift,9,2019
#sdg7,9,2019
#billc69,9,2019
#c69,9,2019
#billionaires,15,2019
#homeless,15,2019
#notredamefire,15,2019
#biodiversityloss,2,2019
#builtenvironment,12,2019
#butterflyworld,2,2019
#communityradio,2,2019
#doddakalasandralake,2,2019
#endangered,2,2019
#entomology,2,2019
#greenroofs,12,2019
#insectageddon,2,2019
#lakes,2,2019
#landdegradation,12,2019
#netgain,12,2019
#radio,1,2019
#urbanheatisland,12,2019
#ecosystemrestoration,0,2019
#greendecade,0,2019
#microbialbiotechnology,9,2019
#eubce,0,2019
#bipartisan,1,2019
#infosec,3,2019
#p2p,3,2019
#supplychain,3,2019
#blockchains,3,2019
#cryptocurrency,3,2019
#cryptonews,3,2019
#madeinitaly,3,2019
#bombogenesis,1,2019
#notnormal,1,2019
#bosbrosser,1,2019
#klimaat,1,2019
#klimaatspijbelen,1,2019
#youthforclimate,1,2019
#energydistribution,9,2019
#massachusetts,9,2019
#microgrids,9,2019
#utilities,9,2019
#bottomup,12,2019
#ipccinedinburgh,12,2019
#justtransition,12,2019
#targets,12,2019
#bournemouth,1,2019
#boystory,0,2019
#campaign,0,2019
#dosomething,0,2019
#follow4follow,0,2019
#followforfollow,0,2019
#fridayfeeling,0,2019
#hopeworld,0,2019
#human,0,2019
#humanityfirst,0,2019
#lagos,0,2019
#man,0,2019
#nonprofits,0,2019
#socialgood,0,2019
#theidealmaninitiative,0,2019
#bpa,3,2019
#euelections2019,1,2019
#bri,0,2019
#ccp's,0,2019
#cefc,0,2019
#nglapseng,0,2019
#patrickho,0,2019
#statecapture,0,2019
#unitedfront,0,2019
#brightfuture,0,2019
#countryleader,0,2019
#globalization,0,2019
#globalizationofsolutions,0,2019
#invention,0,2019
#solution,0,2019
#voteforyourfuture,0,2019
#wise,0,2019
#schoolsclimatestrike,15,2019
#buildthewall,9,2019
#vikez,9,2019
#canadawakeup,9,2019
#un2030,9,2019
#cdnsci,2,2019
#caproall2019,1,2019
#climatecatastrophe,1,2019
#greenparty,1,2019
#europe,1,2019
#friday,1,2019
#peopleforfuture,1,2019
#plastik,1,2019
#strike,1,2019
#ck2019,0,2019
#electricmobility,0,2019
#enkinginternational,0,2019
#gs,0,2019
#indore,0,2019
#iso,0,2019
#iso9001,0,2019
#nosmoking,0,2019
#nosmokingday,0,2019
#publictransport,0,2019
#qms,0,2019
#smoking,0,2019
#unfccc,0,2019
#verra,0,2019
#zed,0,2019
#carbonfootprint,1,2019
#glitterati,1,2019
#overpopulation,1,2019
#carbonneutrallent,1,2019
#miggeldy,1,2019
#carbonpricing,9,2019
#etsin19,9,2019
#cartoon,9,2019
#carf2019,0,2019
#carindustry,1,2019
#shame,1,2019
#carlow,2,2019
#riverbarrow,2,2019
#whathabitatsdirective,2,2019
#catastrophe,1,2019
#globalsouth,1,2019
#hambibleibt,1,2019
#klimaschutz,1,2019
#solidarity,1,2019
#cbckidsnews,1,2019
#climateprotest,1,2019
#ccus,12,2019
#eniin,12,2019
#urbanisation,12,2019
#cdnbiz,9,2019
#cdnecon,9,2019
#climatescam,9,2019
#cpc,1,2019
#decadeoffailure,1,2019
#denmark,9,2019
#environmenteconomy,12,2019
#greatlakes,2,2019
#justintrudeau,9,2019
#noplanandy,1,2019
#polipen,9,2019
#qp,1,2019
#shaughnessycohen,9,2019
#standwithtrudeau,9,2019
#takethetrain,9,2019
#weakandy,1,2019
#cedarriverside,15,2019
#equity,15,2019
#finalfour,15,2019
#cells,9,2019
#modules,9,2019
#panels,9,2019
#re,9,2019
#silicon,9,2019
#wafers,9,2019
#changeiscoming,1,2019
#changemusthappen,1,2019
#fightthepower,1,2019
#forthemany,1,2019
#gtto,1,2019
#jc4pm,1,2019
#truth,1,2019
#changemaker,15,2019
#coach,15,2019
#leader,15,2019
#ngo,0,2019
#sdgs2030,15,2019
#socialinnovation,15,2019
#changetheworld,1,2019
#nottheclimate,1,2019
#cheaperbills,9,2019
#savemoney,9,2019
#windenergy,9,2019
#chine,2,2019
#desertification,2,2019
#environnement,2,2019
#geographyteacher,0,2019
#independance,2,2019
#responsable,2,2019
#tibet,2,2019
#china's,9,2019
#electrification,9,2019
#hainan,9,2019
#chooselife,1,2019
#healtheworld,1,2019
#graz,15,2019
#ikea,15,2019
#civildisobedience,2,2019
#dance,2,2019
#party,2,2019
#rebellion,2,2019
#revolt,2,2019
#civilisations,15,2019
#climate2030,15,2019
#undp,15,2019
#gridserve,3,2019
#energia,9,2019
#energiafotovoltaica,9,2019
#energiasolar,9,2019
#fotovoltaico,9,2019
#photovoltaic,9,2019
#solarcompanies,9,2019
#solarcomponents,9,2019
#solarindustry,9,2019
#solarmodules,9,2019
#solarpanel,9,2019
#solarpolicy,9,2019
#solarpowered,9,2019
#solarsystem,9,2019
#utility,9,2019
#cleaner,9,2019
#factofsteel,9,2019
#greener,9,2019
#cleaning,15,2019
#cleanupchallenge,15,2019
#donations,15,2019
#eicleanmakoko,15,2019
#help,15,2019
#thrashchallenge,15,2019
#climateambition,15,2019
#climatecollapse,1,2019
#climatestrikenz,1,2019
#climatestrikes,1,2019
#climattitude,15,2019
#climechange,1,2019
#complacency,1,2019
#doonethingtoday,15,2019
#dungbeetle,1,2019
#durham,1,2019
#earthstrike,1,2019
#eni,1,2019
#ev's,9,2019
#fightingforchange,9,2019
#getinvolved,15,2019
#goalkeeper,15,2019
#greta,1,2019
#harare,1,2019
#india's,9,2019
#laffairedusiecle,1,2019
#learn,15,2019
#loudandclear,1,2019
#malta,1,2019
#maniacal,1,2019
#metal,1,2019
#mushintotheworld,15,2019
#napexpo,1,2019
#newmusic,1,2019
#newmusicfriday,1,2019
#noplanetb,2,2019
#np,1,2019
#nzclimatestrike,1,2019
#panama,1,2019
#postitback,1,2019
#rebelforlife,1,2019
#reforestation,1,2019
#renewables4climate,1,2019
#royalfamily,1,2019
#schoolstrikes,1,2019
#sheffield,1,2019
#socialpolicy,1,2019
#soundcloud,1,2019
#ss4c,1,2019
#stateofclimate,1,2019
#stepup,1,2019
#stepupthefight,15,2019
#stupidity,1,2019
#thistimeimvoting,1,2019
#upcycle,15,2019
#vienna,1,2019
#windsor,1,2019
#womenandclimatechange,1,2019
#ygk,1,2019
#youths,1,2019
#youthstrike4climate,1,2019
#zimbabwe’s,1,2019
#collapse,1,2019
#globalstrikeforclimate,1,2019
#globalstrikeforfuture,1,2019
#hope,1,2019
#theuninhabitableearth,1,2019
#climateactivist,1,2019
#myclimatehero,1,2019
#ecologicalemergency,1,2019
#climatechangethefacts,1,2019
#climatechangedeniers,9,2019
#welovetheearth,9,2019
#declareclimateemergency,1,2019
#diannefeinstein,1,2019
#difi,1,2019
#extinctinrebellion,1,2019
#extintionrebellion,1,2019
#givesmehope,1,2019
#incomeinequality,1,2019
#internationalrebellion,1,2019
#istandwithfns,1,2019
#lpc,1,2019
#refugeeswelcome,1,2019
#sunrisemovement,1,2019
#unions,1,2019
#xrchicago,1,2019
#xrus,1,2019
#divestment,12,2019
#heathrowexpansion,1,2019
#leodicaprio,1,2019
#nothirdrunway,1,2019
#priorities,12,2019
#richmondbc,1,2019
#windsorcastle,1,2019
#ygkc,1,2019
#clown,2,2019
#mdf2019,2,2019
#salzburg,1,2019
#climatestrikeuk,1,2019
#hongkong,1,2019
#photos,1,2019
#ukschoolstrike,1,2019
#climateneutral,9,2019
#ghg,9,2019
#f3,3,2019
#climaterefugees,12,2019
#climatestike,1,2019
#coastalareas,1,2019
#ep2019,1,2019
#fridayforfutureitaly,1,2019
#fridaysforfurture,1,2019
#geothermal,9,2019
#germany's,9,2019
#globalclimatestrike,1,2019
#greenhousegas,1,2019
#greenpower,1,2019
#illustrators,1,2019
#kidlit4future,1,2019
#kidmeme,1,2019
#leichhardtvotes,12,2019
#meme,1,2019
#natureisspeaking,1,2019
#newzealand,1,2019
#nyccityhall,1,2019
#planetpower,1,2019
#savethereef,12,2019
#strikeforclimate,1,2019
#sverige,1,2019
#sweden,1,2019
#teamworld,1,2019
#torino,1,2019
#tulsi2020,0,2019
#tulsiforpresident,0,2019
#verona,1,2019
#whateverittakes,1,2019
#whyclimatestrike,1,2019
#climatestrikehealth,9,2019
#clothing,2,2019
#natgas,12,2019
#nphw,12,2019
#parisclimateagreement,12,2019
#cologne,12,2019
#commodities,12,2019
#csg,12,2019
#koala,12,2019
#laschet,12,2019
#lignite,12,2019
#nrw's,12,2019
#nswvotes2019,12,2019
#police,12,2019
#reul,12,2019
#cohesionpolicy,1,2019
#localgov,1,2019
#colleges,0,2019
#highereducation,0,2019
#universities,0,2019
#columbiamo,15,2019
#mizzou,15,2019
#tigers,15,2019
#commonwealthday,1,2019
#connectedcommonwealth,1,2019
#conceptart,0,2019
#waste_management,15,2019
#congressman,3,2019
#consciousconsumers,3,2019
#ethicalconsumerism,3,2019
#sustainableeconomy,3,2019
#consumer,9,2019
#mkt,9,2019
#pcra,2,2019
#wave,9,2019
#coopunleashed,9,2019
#lrem,2,2019
#courthouse,2,2019
#historic,2,2019
#nairn,2,2019
#cpd52,15,2019
#unpopulation,15,2019
#craftbeer,15,2019
#credibility,1,2019
#crouchend,1,2019
#loveplanetearth,3,2019
#sproutscoin,3,2019
#cspc2019,0,2019
#diplomacy,0,2019
#procurementwithpurpose,3,2019
#strategy,3,2019
#cuencaecuador,1,2019
#customerexperience,3,2019
#digialtransformation,3,2019
#digitalsupplychain,3,2019
#hm19,3,2019
#industrialintelligence,3,2019
#volatility,3,2019
#decarbonisation,3,2019
#energiewende,3,2019
#energytransformation,3,2019
#multilateral,3,2019
#seminar,3,2019
#sd8,15,2019
#stemsdgs,15,2019
#jeffersoncountywv,9,2019
#resistrockwool,9,2019
#toxicrockwool,9,2019
#ideation,3,2019
#directaction,1,2019
#divestment4change,12,2019
#drm,0,2019
#earthlings,2,2019
#namaste,2,2019
#rainbowwarriors,2,2019
#salam,2,2019
#shalom,2,2019
#wild,2,2019
#woods,2,2019
#southamerica,2,2019
#edenhofer,1,2019
#edinburgh,1,2019
#edleaders,15,2019
#gced,15,2019
#ejaosanfoundation,0,2019
#ejaosanliteracyclub,0,2019
#empowerment,0,2019
#girlchildeducation,0,2019
#goal4,15,2019
#nonprofit,0,2019
#purpose,0,2019
#takeastep,15,2019
#unicef,0,2019
#value,0,2019
#educationforall,15,2019
#human_development,15,2019
#turbine,3,2019
#typhoon,3,2019
#waleg,9,2019
#fossilbanksnothanks,12,2019
#environmentallaw,9,2019
#greencities,3,2019
#jgu,9,2019
#nodered,9,2019
#nonukes,9,2019
#raspberrypi,9,2019
#sunshinecoast,9,2019
#sustainableliving,9,2019
#enlightenment,1,2019
#hiphopcaucus,1,2019
#think100,1,2019
#uswc,0,2019
#uswc19,0,2019
#globalsolutions,15,2019
#ethac2019,3,2019
#quadruplehelix,3,2019
#rri,3,2019
#epooja,3,2019
#friendlyfire,3,2019
#pooja,3,2019
#envision2030,15,2019
#equalopportunities,15,2019
#success,15,2019
#equitycrowdfunding,15,2019
#ethicalbusiness,3,2019
#gec,3,2019
#fameii,9,2019
#incentives,3,2019
#sitefloridaandcaribbean,3,2019
#oilspill,0,2019
#humankind,2,2019
#nowarnowarming,2,2019
#got,0,2019
#waterloobridge,1,2019
#interfaithclimate,12,2019
#failureisgood,0,2019
#frieslandcollege,0,2019
#ondernemerscollege,0,2019
#st_banktraining2019,0,2019
#fbcnews,12,2019
#fijinews,12,2019
#pacific,12,2019
#federalcarbontax,12,2019
#ffa2019,3,2019
#syngentaway,3,2019
#followthemoney,0,2019
#ifollowthemoney,0,2019
#transparency,0,2019
#linkedinlife,15,2019
#sustainabilitygoals,15,2019
#forthepeople,12,2019
#forthethrone,0,2019
#greenpeace,0,2019
#friction,3,2019
#scienceandenvironment,3,2019
#velocity,3,2019
#venice,1,2019
#frontlinefriday,15,2019
#intheloop,15,2019
#lgbt,2,2019
#wars,2,2019
#smartphone,3,2019
#gaiaeducation,0,2019
#surveyofindia,0,2019
#ibgeog,0,2019
#mospi,0,2019
#go100percent,9,2019
#gotsolar,9,2019
#grid,9,2019
#intersolar,9,2019
#leed,9,2019
#readyfor100,9,2019
#smartgrid,9,2019
#gibraltar,1,2019
#gibschoolstrike4climate,1,2019
#mifabidjan,15,2019
#partnership2030,15,2019
#sdgsaward,15,2019
#solution17,15,2019
#whis,15,2019
#youthsdgs,15,2019
#globalgoals2030,2,2019
#sustymerch,2,2019
#sustyvibes,2,2019
#globalsurgery,15,2019
#greensummit,1,2019
#manchester,1,2019
#goa,2,2019
#saveourwildworld,2,2019
#gopgreed,2,2019
#rwanda,0,2019
#greennew,9,2019
#honolulu,9,2019
#votedemocratic,9,2019
#powerfulmessage,1,2019
#growup,9,2019
#smokers,9,2019
#hanoi,1,2019
#happycamper,9,2019
#solarcooking,9,2019
#solarsoft,9,2019
#hmhf,12,2019
#missouri,15,2019
#hotoffthepress,0,2019
#lossanddamage,0,2019
#iffed,15,2019
#writethewrong,15,2019
#sustainablefinance,15,2019
#inclusivegreengrowth,1,2019
#industrialization,3,2019
#industriespollution,3,2019
#manmohangaind,3,2019
#miwa,3,2019
#innovationleaders,3,2019
#moth,2,2019
#inspired,0,2019
#inspiredminds,0,2019
#montreal,0,2019
#wsai,0,2019
#sierraclub,1,2019
#investinagriculture,0,2019
#investinruralpeople,0,2019
#mondaymorning,2,2019
#investments,0,2019
#iom,3,2019
#oem,3,2019
#smartsolar,3,2019
#solartech,3,2019
#jobcreation,0,2019
#vulnerablewomen,0,2019
#wasterecycling,0,2019
#russianhoax,9,2019
#jordanworldyouthforum,15,2019
#kaluyala,1,2019
#kawarthalakes,15,2019
#notmygarbage,15,2019
#thisstillhappens,15,2019
#kengencares,15,2019
#knowyournetwork,3,2019
#kooyong,12,2019
#madison,9,2019
#listengive,0,2019
#pfdglobal,1,2019
#loops,3,2019
#lpco2019,1,2019
#managemolecules,15,2019
#material,15,2019
#pfas,9,2019
#peacedividend,0,2019
#meridianschoolkalyan,2,2019
#sparrowday,2,2019
#worldsparrowday,2,2019
#muellerfindings,2,2019
#socialdevelopment,0,2019
#socialenterprise,0,2019
#northernforest,2,2019
#woodland,2,2019
#oilfund,9,2019
#swf,9,2019
#sorrynotsorry,12,2019
#pacificclimatewarriors,1,2019
#pakistani,0,2019
#studentstrike4climate,0,2019
#palmoil,2,2019
#paristopittsburgh,9,2019
#pittsburgh,9,2019
#parliament,1,2019
#performingarts,0,2019
#scene,0,2019
#saferplanet,2,2019
#sotsonduty,2,2019
#staredownonpollution,2,2019
#sustyfacts,2,2019
#positivepartnership,0,2019
#realskills,9,2019
#saveoursea,15,2019
#uk's,9,2019
#tweeps,2,2019
#savethebosque,2,2019
#ubc,2,2019
#urbantrees,2,2019
#skiing,3,2019
#traceability,3,2019
#ungsii,15,2019
#wallace,2,2019
